n,positive_n,negative_n,sensitivity,sensitivity_ci_lower,sensitivity_ci_upper,specificity,fnr,ppv,npv,auroc,pr_auc,brier,ece,calibration_intercept,calibration_slope,tp,fn,tn,fp,model,candidate,phase,scope,threshold_min,threshold_max,selection_data,conformal_coverage,conformal_ci_lower,conformal_ci_upper,mean_set_size,singleton_rate,doubleton_rate,empty_rate,conformal_threshold
2503,230,2273,0.8130434782608695,0.7576664047255236,0.858135432665582,0.6920369555653322,0.18695652173913044,0.21082299887260428,0.9733910891089109,0.8216836588305055,0.3648808853641751,0.1535271622942046,0.24855087816979624,-2.076444326580944,1.0590723530404407,187,43,1573,700,xgboost,original_frozen,OOF_DEVELOPMENT_EVAL,OVERALL,0.4108,0.4108,OOF evaluation half; parameters fit on disjoint OOF fit half,0.9301397205588823,0.9043909273449497,0.9493424427447668,1.377245508982036,0.6227544910179641,0.3772455089820359,0.0,0.6914149522781372
1027,162,865,0.9012345679012346,0.8455921876731157,0.9382890017739361,0.44046242774566474,0.09876543209876543,0.23174603174603176,0.9596977329974811,0.7565831727681438,0.4026517274945246,0.24382800458245962,0.331864237865628,-1.9894159100456914,0.9661392374441015,146,16,381,484,xgboost,original_frozen,OOF_DEVELOPMENT_EVAL,BMI_Obese,0.4108,0.4108,OOF evaluation half; parameters fit on disjoint OOF fit half,0.861244019138756,0.8078269083778479,0.9016213393303595,1.4880382775119618,0.5119617224880383,0.4880382775119617,0.0,0.6914149522781372
826,112,714,0.8125,0.7303087134885466,0.8739654445946134,0.4887955182072829,0.1875,0.19956140350877194,0.9432432432432433,0.730404661864746,0.31818205873521854,0.2274102483980676,0.3292753523353511,-1.9740026139598827,0.920867950325285,91,21,349,365,xgboost,original_frozen,OOF_DEVELOPMENT_EVAL,AGE_60+,0.4108,0.4108,OOF evaluation half; parameters fit on disjoint OOF fit half,0.875,0.8164640677461165,0.9167699309914826,1.5714285714285714,0.42857142857142855,0.5714285714285714,0.0,0.6914149522781372
326,70,256,0.9142857142857143,0.8253432750766051,0.9601233303548878,0.16796875,0.08571428571428572,0.23104693140794225,0.8775510204081632,0.6270647321428571,0.33432030056165424,0.32664232135812626,0.3928997077607362,-1.6573869219536266,0.6004320321279085,64,6,43,213,xgboost,original_frozen,OOF_DEVELOPMENT_EVAL,BMIxAGE_Obese_60+,0.4108,0.4108,OOF evaluation half; parameters fit on disjoint OOF fit half,0.7536231884057971,0.6403933718423956,0.8401022218298245,1.565217391304348,0.43478260869565216,0.5652173913043478,0.0,0.6914149522781372
2503,230,2273,0.7,0.6378876533445714,0.7555412983219683,0.7483501979762428,0.3,0.21964529331514324,0.9610169491525423,0.8216836588305055,0.3648808853641751,0.1535271622942046,0.24855087816979624,-2.076444326580944,1.0590723530404407,161,69,1701,572,xgboost,bmi_thresholding,OOF_DEVELOPMENT_EVAL,OVERALL,0.28614485,0.5884219,OOF evaluation half; parameters fit on disjoint OOF fit half,0.9301397205588823,0.9043909273449497,0.9493424427447668,1.377245508982036,0.6227544910179641,0.3772455089820359,0.0,0.6914149522781372
1027,162,865,0.7160493827160493,0.6422358010843053,0.7798540701564148,0.6682080924855491,0.2839506172839506,0.2878411910669975,0.9262820512820513,0.7565831727681438,0.4026517274945246,0.24382800458245962,0.331864237865628,-1.9894159100456914,0.9661392374441015,116,46,578,287,xgboost,bmi_thresholding,OOF_DEVELOPMENT_EVAL,BMI_Obese,0.5884219,0.5884219,OOF evaluation half; parameters fit on disjoint OOF fit half,0.861244019138756,0.8078269083778479,0.9016213393303595,1.4880382775119618,0.5119617224880383,0.4880382775119617,0.0,0.6914149522781372
826,112,714,0.7232142857142857,0.6340021985730062,0.7976222000578224,0.5322128851540616,0.2767857142857143,0.19518072289156627,0.9245742092457421,0.730404661864746,0.31818205873521854,0.2274102483980676,0.3292753523353511,-1.9740026139598827,0.920867950325285,81,31,380,334,xgboost,bmi_thresholding,OOF_DEVELOPMENT_EVAL,AGE_60+,0.28614485,0.5884219,OOF evaluation half; parameters fit on disjoint OOF fit half,0.875,0.8164640677461165,0.9167699309914826,1.5714285714285714,0.42857142857142855,0.5714285714285714,0.0,0.6914149522781372
326,70,256,0.7142857142857143,0.5994980341827975,0.8067777962128025,0.4765625,0.2857142857142857,0.2717391304347826,0.8591549295774648,0.6270647321428571,0.33432030056165424,0.32664232135812626,0.3928997077607362,-1.6573869219536266,0.6004320321279085,50,20,122,134,xgboost,bmi_thresholding,OOF_DEVELOPMENT_EVAL,BMIxAGE_Obese_60+,0.5884219,0.5884219,OOF evaluation half; parameters fit on disjoint OOF fit half,0.7536231884057971,0.6403933718423956,0.8401022218298245,1.565217391304348,0.43478260869565216,0.5652173913043478,0.0,0.6914149522781372
2503,230,2273,0.7608695652173914,0.7017450371205805,0.811423160705341,0.5816102067751869,0.2391304347826087,0.15541740674955595,0.9600580973129993,0.74342852770711,0.23302632273458357,0.09217860459201482,0.07650650220797103,-1.1950111139636834,0.6587871066868366,175,55,1322,951,xgboost,bmi_platt_calibration,OOF_DEVELOPMENT_EVAL,OVERALL,0.13286092213274858,0.13286092213274858,OOF evaluation half; parameters fit on disjoint OOF fit half,0.872255489021956,0.840167322037696,0.8986784947684854,1.0059880239520957,0.9940119760479041,0.005988023952095809,0.0,0.5144249200820923
1027,162,865,0.7530864197530864,0.6813336612549761,0.8131144736270106,0.5884393063583815,0.24691358024691357,0.25523012552301255,0.9271402550091075,0.7565831727681438,0.4026517274945246,0.11536700234606855,0.015053064968617373,-0.0574930807773141,0.9578845836253523,122,40,509,356,xgboost,bmi_platt_calibration,OOF_DEVELOPMENT_EVAL,BMI_Obese,0.13286092213274858,0.13286092213274858,OOF evaluation half; parameters fit on disjoint OOF fit half,0.8421052631578947,0.7865555131865831,0.8853060723913879,1.0095693779904307,0.9904306220095693,0.009569377990430622,0.0,0.5144249200820923
826,112,714,0.7678571428571429,0.6815795903603912,0.8363696879966034,0.32212885154061627,0.23214285714285715,0.15087719298245614,0.8984375,0.5943752501000399,0.21221940184696872,0.14865647813672725,0.1317418500497314,-1.4473669419500832,0.3353450124597361,86,26,230,484,xgboost,bmi_platt_calibration,OOF_DEVELOPMENT_EVAL,AGE_60+,0.13286092213274858,0.13286092213274858,OOF evaluation half; parameters fit on disjoint OOF fit half,0.7976190476190477,0.7305273071092123,0.8514044379206284,1.0119047619047619,0.9880952380952381,0.011904761904761904,0.0,0.5144249200820923
326,70,256,0.7571428571428571,0.6450496077036256,0.8424813887710942,0.35546875,0.24285714285714285,0.24311926605504589,0.8425925925925926,0.6270647321428571,0.33432030056165424,0.16353937309132474,0.03338275139612778,-0.4568218699780952,0.5951480457495466,53,17,91,165,xgboost,bmi_platt_calibration,OOF_DEVELOPMENT_EVAL,BMIxAGE_Obese_60+,0.13286092213274858,0.13286092213274858,OOF evaluation half; parameters fit on disjoint OOF fit half,0.7971014492753623,0.6877595975522071,0.875106669320965,1.0144927536231885,0.9855072463768116,0.014492753623188406,0.0,0.5144249200820923
2503,230,2273,0.5956521739130435,0.5311596756882335,0.6570019968479377,0.8125824901011879,0.4043478260869565,0.2433392539964476,0.952061855670103,0.8216836588305055,0.3648808853641751,0.1535271622942046,0.24855087816979624,-2.076444326580944,1.0590723530404407,137,93,1847,426,xgboost,bmi_age_thresholding,OOF_DEVELOPMENT_EVAL,OVERALL,0.4108,0.7023769,OOF evaluation half; parameters fit on disjoint OOF fit half,0.9301397205588823,0.9043909273449497,0.9493424427447668,1.377245508982036,0.6227544910179641,0.3772455089820359,0.0,0.6914149522781372
1027,162,865,0.5925925925925926,0.5156355909220356,0.6652600681811303,0.7572254335260116,0.4074074074074074,0.3137254901960784,0.9084604715672677,0.7565831727681438,0.4026517274945246,0.24382800458245962,0.331864237865628,-1.9894159100456914,0.9661392374441015,96,66,655,210,xgboost,bmi_age_thresholding,OOF_DEVELOPMENT_EVAL,BMI_Obese,0.5496369,0.7023769,OOF evaluation half; parameters fit on disjoint OOF fit half,0.861244019138756,0.8078269083778479,0.9016213393303595,1.4880382775119618,0.5119617224880383,0.4880382775119617,0.0,0.6914149522781372
826,112,714,0.6071428571428571,0.5145826545183048,0.6925970568244928,0.6456582633053222,0.39285714285714285,0.2118380062305296,0.9128712871287129,0.730404661864746,0.31818205873521854,0.2274102483980676,0.3292753523353511,-1.9740026139598827,0.920867950325285,68,44,461,253,xgboost,bmi_age_thresholding,OOF_DEVELOPMENT_EVAL,AGE_60+,0.4108,0.6532284,OOF evaluation half; parameters fit on disjoint OOF fit half,0.875,0.8164640677461165,0.9167699309914826,1.5714285714285714,0.42857142857142855,0.5714285714285714,0.0,0.6914149522781372
326,70,256,0.5857142857142857,0.46881211784560456,0.6936982143126353,0.60546875,0.4142857142857143,0.2887323943661972,0.842391304347826,0.6270647321428571,0.33432030056165424,0.32664232135812626,0.3928997077607362,-1.6573869219536266,0.6004320321279085,41,29,155,101,xgboost,bmi_age_thresholding,OOF_DEVELOPMENT_EVAL,BMIxAGE_Obese_60+,0.6532284,0.6532284,OOF evaluation half; parameters fit on disjoint OOF fit half,0.7536231884057971,0.6403933718423956,0.8401022218298245,1.565217391304348,0.43478260869565216,0.5652173913043478,0.0,0.6914149522781372
2503,230,2273,0.7,0.6378876533445714,0.7555412983219683,0.7483501979762428,0.3,0.21964529331514324,0.9610169491525423,0.74342852770711,0.23302632273458357,0.09217860459201482,0.07650650220797103,-1.1950111139636834,0.6587871066868366,161,69,1701,572,xgboost,combined_bmi_platt_thresholding,OOF_DEVELOPMENT_EVAL,OVERALL,0.051960189482622245,0.4108,OOF evaluation half; parameters fit on disjoint OOF fit half,0.872255489021956,0.840167322037696,0.8986784947684854,1.0059880239520957,0.9940119760479041,0.005988023952095809,0.0,0.5144249200820923
1027,162,865,0.7160493827160493,0.6422358010843053,0.7798540701564148,0.6682080924855491,0.2839506172839506,0.2878411910669975,0.9262820512820513,0.7565831727681438,0.4026517274945246,0.11536700234606855,0.015053064968617373,-0.0574930807773141,0.9578845836253523,116,46,578,287,xgboost,combined_bmi_platt_thresholding,OOF_DEVELOPMENT_EVAL,BMI_Obese,0.16024635850838548,0.16024635850838548,OOF evaluation half; parameters fit on disjoint OOF fit half,0.8421052631578947,0.7865555131865831,0.8853060723913879,1.0095693779904307,0.9904306220095693,0.009569377990430622,0.0,0.5144249200820923
826,112,714,0.7232142857142857,0.6340021985730062,0.7976222000578224,0.5322128851540616,0.2767857142857143,0.19518072289156627,0.9245742092457421,0.5943752501000399,0.21221940184696872,0.14865647813672725,0.1317418500497314,-1.4473669419500832,0.3353450124597361,81,31,380,334,xgboost,combined_bmi_platt_thresholding,OOF_DEVELOPMENT_EVAL,AGE_60+,0.051960189482622245,0.4108,OOF evaluation half; parameters fit on disjoint OOF fit half,0.7976190476190477,0.7305273071092123,0.8514044379206284,1.0119047619047619,0.9880952380952381,0.011904761904761904,0.0,0.5144249200820923
326,70,256,0.7142857142857143,0.5994980341827975,0.8067777962128025,0.4765625,0.2857142857142857,0.2717391304347826,0.8591549295774648,0.6270647321428571,0.33432030056165424,0.16353937309132474,0.03338275139612778,-0.4568218699780952,0.5951480457495466,50,20,122,134,xgboost,combined_bmi_platt_thresholding,OOF_DEVELOPMENT_EVAL,BMIxAGE_Obese_60+,0.16024635850838548,0.16024635850838548,OOF evaluation half; parameters fit on disjoint OOF fit half,0.7971014492753623,0.6877595975522071,0.875106669320965,1.0144927536231885,0.9855072463768116,0.014492753623188406,0.0,0.5144249200820923
