cohort_id,n,purpose,source_population,inclusion,exclusion
COHORT_0_SOURCE,10409,Root cohort denominator: every P_LUX-examined participant,P_LUX (all rows),None (source population),None
COHORT_1_NONMISSING_LUX,9700,"Participants with a non-missing liver stiffness value, ANY exam completeness (NOT the NHANES quality-valid definition -- see COHORT_2)",COHORT_0_SOURCE,LUXSMED is not null,"LUXSMED missing (LUAXSTAT in {3='Ineligible',4='Not done'}, or {2='Partial'} with no numeric result)"
COHORT_2_QUALITY_VALID,9023,OFFICIAL NHANES quality-valid elastography exam ('Complete'),COHORT_0_SOURCE,LUAXSTAT == 1,"LUAXSTAT in {2,3,4}"
COHORT_3A_ADULT_OF_NONMISSING,8318,Adults (>=18y) among the non-missing-LUXSMED population,COHORT_1_NONMISSING_LUX,LUXSMED not null AND RIDAGEYR>=18,"RIDAGEYR<18, among Cohort 1"
COHORT_3B_ADULT_OF_QUALITY_VALID,7768,"Adults (>=18y) among the NHANES quality-valid (LUAXSTAT==1) population -- distinct from COHORT_3A because quality-valid (N=9,023) is not the same population as non-missing LUXSMED (N=9,700) (Issue 6)",COHORT_2_QUALITY_VALID,LUAXSTAT==1 AND RIDAGEYR>=18,"RIDAGEYR<18, among Cohort 2"
COHORT_A_BROAD_LAB,8880,Candidate broad routine-laboratory predictor cohort. Does NOT require BMI or demographic completeness (see COHORT_A_PLUS_DEMO_BMI for that stricter nesting).,COHORT_1_NONMISSING_LUX,"LUXSMED not null AND all of ['LBXSATSI', 'LBXSASSI', 'LBXSAL', 'LBXSAPSI', 'LBXSTB', 'LBXPLTSI', 'LBDHDD'] non-missing","Missing >=1 broad lab, among Cohort 1"
COHORT_A_PLUS_DEMO_BMI,8805,"Cohort A (broad labs) FURTHER RESTRICTED to complete demographics AND BMI. Strictly nested inside Cohort A. In this dataset the entire A-vs-this gap (75 participants, verified) is driven by missing BMI; demographics are essentially complete within Cohort A. NOT a separate lab-availability concept -- a stricter predictor-completeness nesting of Cohort A. Renamed from the ambiguous prior label 'combined broad cohort' (Issue 2/Closure Phase D).",COHORT_A_BROAD_LAB,Cohort A AND RIAGENDR not null AND BMXBMI not null,"Missing BMI (or demo), among Cohort A"
COHORT_FASTING_LABS_ONLY,4376,"Participants with the fasting-subsample labs (glucose, triglycerides) present, REGARDLESS of broad-lab completeness. This is NOT the same population as COHORT_B_FASTING_EXTENDED (which additionally requires the broad labs) -- the two were previously conflated under one ambiguous 'fasting cohort' label (Issue 1). Renamed from the prior 'fasting labs available (branch)' cohort_flow step.",COHORT_1_NONMISSING_LUX,"LUXSMED not null AND all of ['LBXGLU', 'LBXTR'] non-missing","Missing >=1 fasting lab, among Cohort 1"
COHORT_B_FASTING_EXTENDED,4336,"THE canonical 'Cohort B': the full fasting-extended candidate predictor cohort -- requires BOTH the broad labs (Cohort A) AND the fasting-subsample labs (glucose, triglycerides). This is the population usable if the eventual Phase 2 predictor set includes fasting glucose/triglycerides. Strict subset of both COHORT_A_BROAD_LAB and COHORT_FASTING_LABS_ONLY (asserted in verify_cohort_relationships()).",COHORT_A_BROAD_LAB,"Cohort A AND all of ['LBXGLU', 'LBXTR'] non-missing","Missing >=1 broad OR fasting lab, among Cohort 1"
