model,candidate,phase,normal_sensitivity,obese_sensitivity,obese_minus_normal_gap_pp,gap_ci_low_pp,gap_ci_high_pp,overall_sensitivity,overall_specificity,auroc,pr_auc,brier,ece,age_60_minus_40_gap_pp,selection_status
logistic,original_frozen,OOF_EVAL,0.34782608695652173,0.8518518518518519,50.40257648953301,33.113790970933835,71.44668737060039,0.7391304347826086,0.7602287725472944,0.8172822739532125,0.35794394478843083,0.17517632244654657,0.2961044448763893,4.285714285714293,SELECTED_OOF
logistic,bmi_thresholding,OOF_EVAL,0.8260869565217391,0.6851851851851852,-14.090177133655391,-28.672789115646257,6.999792163761315,0.6695652173913044,0.7166739991201055,0.8172822739532125,0.35794394478843083,0.17517632244654657,0.2961044448763893,3.9285714285714257,NOT_SELECTED
logistic,bmi_platt_calibration,OOF_EVAL,0.34782608695652173,0.7592592592592593,41.14331723027376,23.554350937943063,62.469991944146074,0.7652173913043478,0.5200175978882534,0.6964268635589816,0.2078784219945411,0.10519145803774962,0.10042715562969404,7.857142857142863,NOT_SELECTED
logistic,bmi_age_thresholding,OOF_EVAL,0.34782608695652173,0.5370370370370371,18.921095008051537,0.32091369728669245,40.76684346108231,0.5173913043478261,0.8719753629564452,0.8172822739532125,0.35794394478843083,0.17517632244654657,0.2961044448763893,7.678571428571434,NOT_SELECTED
logistic,combined_bmi_platt_thresholding,OOF_EVAL,0.8260869565217391,0.6851851851851852,-14.090177133655391,-28.672789115646257,6.999792163761315,0.6695652173913044,0.7166739991201055,0.6964268635589816,0.2078784219945411,0.10519145803774962,0.10042715562969404,3.9285714285714257,NOT_SELECTED
random_forest,original_frozen,OOF_EVAL,0.43478260869565216,0.8333333333333334,39.855072463768124,17.74373146088246,61.1631593714927,0.717391304347826,0.7589089309282886,0.820952963905201,0.3517263922671842,0.14071031883846627,0.23628354200416732,2.3214285714285743,SELECTED_OOF
random_forest,bmi_thresholding,OOF_EVAL,0.6956521739130435,0.7037037037037037,0.8051529790660261,-17.111770904534065,23.61750718867507,0.6521739130434783,0.7452705675318961,0.820952963905201,0.3517263922671842,0.14071031883846627,0.23628354200416732,1.7857142857142905,NOT_SELECTED
random_forest,bmi_platt_calibration,OOF_EVAL,0.34782608695652173,0.7037037037037037,35.5877616747182,14.43939629485685,54.719503033001274,0.7130434782608696,0.6273647162340519,0.7386388415998776,0.23838253169553963,0.08986538057899329,0.07508772256829692,6.071428571428572,NOT_SELECTED
random_forest,bmi_age_thresholding,OOF_EVAL,0.6086956521739131,0.5370370370370371,-7.165861513687599,-27.471495193680404,15.810985247629045,0.5260869565217391,0.8526176858776947,0.820952963905201,0.3517263922671842,0.14071031883846627,0.23628354200416732,6.25,NOT_SELECTED
random_forest,combined_bmi_platt_thresholding,OOF_EVAL,0.6956521739130435,0.7037037037037037,0.8051529790660261,-17.111770904534065,23.61750718867507,0.6521739130434783,0.7452705675318961,0.7386388415998776,0.23838253169553963,0.08986538057899329,0.07508772256829692,1.7857142857142905,NOT_SELECTED
xgboost,original_frozen,OOF_EVAL,0.5217391304347826,0.9012345679012346,37.9495437466452,17.279005095699727,60.88863579595126,0.8130434782608695,0.6920369555653322,0.8216836588305055,0.3648808853641751,0.1535271622942046,0.24855087816979624,1.2499999999999956,SELECTED_OOF
xgboost,bmi_thresholding,OOF_EVAL,0.6956521739130435,0.7160493827160493,2.0397208803005884,-15.253741974513588,25.21922614360989,0.7,0.7483501979762428,0.8216836588305055,0.3648808853641751,0.1535271622942046,0.24855087816979624,0.17857142857142794,NOT_SELECTED
xgboost,bmi_platt_calibration,OOF_EVAL,0.43478260869565216,0.7530864197530864,31.830381105743427,12.203273143709387,52.589749594105136,0.7608695652173914,0.5816102067751869,0.74342852770711,0.23302632273458357,0.09217860459201482,0.07650650220797103,1.9642857142857073,NOT_SELECTED
xgboost,bmi_age_thresholding,OOF_EVAL,0.5217391304347826,0.5925925925925926,7.085346215780996,-14.969230302271487,31.591594340010698,0.5956521739130435,0.8125824901011879,0.8216836588305055,0.3648808853641751,0.1535271622942046,0.24855087816979624,3.214285714285714,NOT_SELECTED
xgboost,combined_bmi_platt_thresholding,OOF_EVAL,0.6956521739130435,0.7160493827160493,2.0397208803005884,-15.253741974513588,25.21922614360989,0.7,0.7483501979762428,0.74342852770711,0.23302632273458357,0.09217860459201482,0.07650650220797103,0.17857142857142794,NOT_SELECTED
lightgbm,original_frozen,OOF_EVAL,0.43478260869565216,0.8209876543209876,38.62050456253355,17.803934774902515,59.81836327345309,0.717391304347826,0.7615486141663,0.8185915950955452,0.37034913181997037,0.15580092082373131,0.2538759605769696,1.0714285714285676,SELECTED_OOF
lightgbm,bmi_thresholding,OOF_EVAL,0.7391304347826086,0.654320987654321,-8.480944712828764,-27.540182916013478,14.131769899691056,0.6304347826086957,0.7575890893092829,0.8185915950955452,0.37034913181997037,0.15580092082373131,0.2538759605769696,1.6071428571428625,NOT_SELECTED
lightgbm,bmi_platt_calibration,OOF_EVAL,0.391304347826087,0.7407407407407407,34.943639291465374,14.77187968940161,55.906582012062216,0.7478260869565218,0.5992080950285966,0.7339744448057537,0.23201573774245454,0.09336174118856247,0.07929734294438527,1.7857142857142905,NOT_SELECTED
lightgbm,bmi_age_thresholding,OOF_EVAL,0.6521739130434783,0.6728395061728395,2.0665593129361226,-17.367944317315036,27.146358797556402,0.6347826086956522,0.7927848658161021,0.8185915950955452,0.37034913181997037,0.15580092082373131,0.2538759605769696,4.285714285714293,NOT_SELECTED
lightgbm,combined_bmi_platt_thresholding,OOF_EVAL,0.7391304347826086,0.654320987654321,-8.480944712828764,-27.540182916013478,14.131769899691056,0.6304347826086957,0.7575890893092829,0.7339744448057537,0.23201573774245454,0.09336174118856247,0.07929734294438527,1.6071428571428625,NOT_SELECTED
mlp,original_frozen,OOF_EVAL,0.391304347826087,0.7901234567901234,39.881910896403646,15.66240274577936,61.689038106429386,0.6869565217391305,0.7897052353717554,0.8216377512959315,0.37069654133684016,0.06994853573558059,0.01187513477737829,3.035714285714286,NOT_SELECTED
mlp,bmi_thresholding,OOF_EVAL,0.782608695652174,0.7098765432098766,-7.2732152442297355,-24.677589063794535,14.36088730110466,0.6695652173913044,0.7223933128024637,0.8216377512959315,0.37069654133684016,0.06994853573558059,0.01187513477737829,3.749999999999998,NOT_SELECTED
mlp,bmi_platt_calibration,OOF_EVAL,0.391304347826087,0.7901234567901234,39.881910896403646,15.66240274577936,61.689038106429386,0.6782608695652174,0.7967443906731192,0.8221465598041278,0.3716834843713489,0.06967279165059541,0.008194641633503396,2.67857142857143,SELECTED_OOF
mlp,bmi_age_thresholding,OOF_EVAL,0.5217391304347826,0.6728395061728395,15.110037573805691,-6.341667112681079,38.609260493004655,0.6173913043478261,0.8209414870215574,0.8216377512959315,0.37069654133684016,0.06994853573558059,0.01187513477737829,14.642857142857135,NOT_SELECTED
mlp,combined_bmi_platt_thresholding,OOF_EVAL,0.782608695652174,0.7098765432098766,-7.2732152442297355,-24.677589063794535,14.36088730110466,0.6695652173913044,0.7223933128024637,0.8221465598041278,0.3716834843713489,0.06967279165059541,0.008194641633503396,3.749999999999998,NOT_SELECTED
