dimension,target_category,reference_category,target_n,target_n_positive,reference_n,reference_n_positive,target_sensitivity,reference_sensitivity,absolute_disparity_pp,ci_lower_pp,ci_upper_pp,note,cohort,model
bmi,Obese,Normal,979,179,570,26,0.910615,0.384615,52.5999,31.9828,70.9259,,CAND_2_relaxed_elastography,logistic
age,60+,40-59,773,115,757,88,0.782609,0.852273,-6.9664,-17.0334,3.5927,,CAND_2_relaxed_elastography,logistic
bmi,Obese,Normal,979,179,570,26,0.955307,0.653846,30.1461,11.8824,50.0799,,CAND_2_relaxed_elastography,random_forest
age,60+,40-59,773,115,757,88,0.886957,0.943182,-5.6225,-13.616,1.5472,,CAND_2_relaxed_elastography,random_forest
bmi,Obese,Normal,979,179,570,26,0.927374,0.384615,54.2759,34.4609,73.6665,,CAND_2_relaxed_elastography,xgboost
age,60+,40-59,773,115,757,88,0.765217,0.897727,-13.251,-22.7243,-3.1989,,CAND_2_relaxed_elastography,xgboost
bmi,Obese,Normal,979,179,570,26,0.955307,0.615385,33.9923,14.891,53.0732,,CAND_2_relaxed_elastography,lightgbm
age,60+,40-59,773,115,757,88,0.895652,0.909091,-1.3439,-9.7493,6.6511,,CAND_2_relaxed_elastography,lightgbm
bmi,Obese,Normal,979,179,570,26,0.899441,0.461538,43.7903,23.6361,64.6605,,CAND_2_relaxed_elastography,mlp
age,60+,40-59,773,115,757,88,0.791304,0.863636,-7.2332,-18.0,2.5316,,CAND_2_relaxed_elastography,mlp
bmi,Obese,Normal,438,67,294,13,0.895522,0.307692,58.783,31.1293,83.3371,,CAND_3_fasting_extended,logistic
age,60+,40-59,381,52,352,23,0.75,0.913043,-16.3043,-31.9384,1.4501,,CAND_3_fasting_extended,logistic
bmi,Obese,Normal,438,67,294,13,0.925373,0.538462,38.6912,9.7777,66.7819,,CAND_3_fasting_extended,random_forest
age,60+,40-59,381,52,352,23,0.846154,0.913043,-6.689,-21.2775,9.7996,,CAND_3_fasting_extended,random_forest
bmi,Obese,Normal,438,67,294,13,0.940299,0.307692,63.2606,36.2768,88.4421,,CAND_3_fasting_extended,xgboost
age,60+,40-59,381,52,352,23,0.788462,0.869565,-8.1104,-24.7406,10.0214,,CAND_3_fasting_extended,xgboost
bmi,Obese,Normal,438,67,294,13,0.925373,0.538462,38.6912,10.8303,68.2293,,CAND_3_fasting_extended,lightgbm
age,60+,40-59,381,52,352,23,0.826923,0.869565,-4.2642,-20.4581,14.3959,,CAND_3_fasting_extended,lightgbm
bmi,Obese,Normal,438,67,294,13,0.761194,0.384615,37.6579,6.3207,67.5107,,CAND_3_fasting_extended,mlp
age,60+,40-59,381,52,352,23,0.692308,0.73913,-4.6823,-25.4632,18.2799,,CAND_3_fasting_extended,mlp
