model,scope,n_test,afcp_coverage,afcp_mean_set_size,overall_coverage,overall_mean_set_size,timestamp,method
logistic,BMI_Obese,883,0.9093997734994338,1.1472253680634201,0.9352283317800559,1.0624417520969245,2026-08-26 09:41:49,afcp_faithful_zhou_sesia_2024
logistic,Age_60plus,741,0.902834008097166,1.0836707152496625,0.9352283317800559,1.0624417520969245,2026-08-26 09:41:49,afcp_faithful_zhou_sesia_2024
logistic,BMI_Obese_Age_60plus,294,0.8877551020408163,1.2040816326530612,0.9352283317800559,1.0624417520969245,2026-08-26 09:41:49,afcp_faithful_zhou_sesia_2024
random_forest,BMI_Obese,883,0.89920724801812,1.1392978482446205,0.9291705498602051,1.0573159366262814,2026-08-26 09:41:53,afcp_faithful_zhou_sesia_2024
random_forest,Age_60plus,741,0.8906882591093117,1.0661268556005399,0.9291705498602051,1.0573159366262814,2026-08-26 09:41:53,afcp_faithful_zhou_sesia_2024
random_forest,BMI_Obese_Age_60plus,294,0.8673469387755102,1.1734693877551021,0.9291705498602051,1.0573159366262814,2026-08-26 09:41:53,afcp_faithful_zhou_sesia_2024
xgboost,BMI_Obese,883,0.9026047565118913,1.1506228765571913,0.9301025163094129,1.0629077353215284,2026-08-26 09:41:57,afcp_faithful_zhou_sesia_2024
xgboost,Age_60plus,741,0.8920377867746289,1.0755735492577598,0.9301025163094129,1.0629077353215284,2026-08-26 09:41:57,afcp_faithful_zhou_sesia_2024
xgboost,BMI_Obese_Age_60plus,294,0.8707482993197279,1.1904761904761905,0.9301025163094129,1.0629077353215284,2026-08-26 09:41:57,afcp_faithful_zhou_sesia_2024
lightgbm,BMI_Obese,883,0.89920724801812,1.1234428086070216,0.9277726001863933,1.047996272134203,2026-08-26 09:42:01,afcp_faithful_zhou_sesia_2024
lightgbm,Age_60plus,741,0.8852901484480432,1.049932523616734,0.9277726001863933,1.047996272134203,2026-08-26 09:42:01,afcp_faithful_zhou_sesia_2024
lightgbm,BMI_Obese_Age_60plus,294,0.8605442176870748,1.1394557823129252,0.9277726001863933,1.047996272134203,2026-08-26 09:42:01,afcp_faithful_zhou_sesia_2024
mlp,BMI_Obese,883,0.9150622876557192,1.175537938844847,0.9366262814538676,1.0689655172413792,2026-08-26 09:42:06,afcp_faithful_zhou_sesia_2024
mlp,Age_60plus,741,0.9041835357624831,1.098515519568151,0.9366262814538676,1.0689655172413792,2026-08-26 09:42:06,afcp_faithful_zhou_sesia_2024
mlp,BMI_Obese_Age_60plus,294,0.8945578231292517,1.2653061224489797,0.9366262814538676,1.0689655172413792,2026-08-26 09:42:06,afcp_faithful_zhou_sesia_2024
