model,bin_index,n_in_bin,mean_predicted_probability,observed_event_rate,n_bins_requested,n_bins_achieved,binning_degenerate
xgboost,1,501,0.05078456214770459,0.005988023952095809,10,10,False
xgboost,2,501,0.08502478757684631,0.005988023952095809,10,10,False
xgboost,3,500,0.12208049505600001,0.016,10,10,False
xgboost,4,501,0.17766418359281436,0.031936127744510975,10,10,False
xgboost,5,501,0.24264852720558883,0.03592814371257485,10,10,False
xgboost,6,500,0.31789794864,0.056,10,10,False
xgboost,7,501,0.41175929614770457,0.09780439121756487,10,10,False
xgboost,8,500,0.51805445058,0.112,10,10,False
xgboost,9,501,0.6464926080638723,0.18962075848303392,10,10,False
xgboost,10,501,0.8047552954291417,0.37924151696606784,10,10,False
