model,candidate,phase,fit_n,eval_n,coverage,mean_set_size,singleton_rate,doubleton_rate,status
logistic,global_platt,CONFORMAL_DEV_SPLIT,501,501,0.9221556886227545,1.4910179640718564,0.5089820359281437,0.49101796407185627,EVALUATED
logistic,subgroup_platt_bmi_age,CONFORMAL_DEV_SPLIT,501,501,0.8842315369261478,1.091816367265469,0.908183632734531,0.09181636726546906,EVALUATED
random_forest,global_platt,CONFORMAL_DEV_SPLIT,501,501,0.9141716566866267,1.2634730538922156,0.7365269461077845,0.2634730538922156,EVALUATED
random_forest,subgroup_platt_bmi_age,CONFORMAL_DEV_SPLIT,501,501,0.874251497005988,0.9920159680638723,0.9920159680638723,0.0,EVALUATED
xgboost,global_platt,CONFORMAL_DEV_SPLIT,501,501,0.9301397205588823,1.377245508982036,0.6227544910179641,0.3772455089820359,EVALUATED
xgboost,subgroup_platt_bmi_age,CONFORMAL_DEV_SPLIT,501,501,0.874251497005988,1.0259481037924152,0.9740518962075848,0.02594810379241517,EVALUATED
lightgbm,global_platt,CONFORMAL_DEV_SPLIT,501,501,0.9241516966067864,1.3592814371257484,0.6407185628742516,0.3592814371257485,EVALUATED
lightgbm,subgroup_platt_bmi_age,CONFORMAL_DEV_SPLIT,501,501,0.8842315369261478,1.0439121756487026,0.9560878243512974,0.043912175648702596,EVALUATED
mlp,global_platt,CONFORMAL_DEV_SPLIT,501,501,0.8902195608782435,0.9660678642714571,0.9660678642714571,0.0,EVALUATED
mlp,subgroup_platt_bmi_age,CONFORMAL_DEV_SPLIT,501,501,0.8902195608782435,0.9660678642714571,0.9660678642714571,0.0,EVALUATED
