generated,model,dimension,category,is_target,n,n_positive,n_negative,coverage_before,coverage_after,coverage_change_pp,ci_before,ci_after,ci_after_includes_90pct,mean_set_size_before,mean_set_size_after,singleton_rate_before,singleton_rate_after,sensitivity_before,sensitivity_after,auc_before,auc_after,calibration_intercept_before,calibration_intercept_after,calibration_slope_before,calibration_slope_after
2026-08-19 20:53:01 ,logistic,sex,Male,False,1047,122,925,0.891117,0.927412,3.6294,"[0.8708, 0.9086]","[0.9101, 0.9416]",False,1.489016,1.552053,0.510984,0.447947,0.778689,0.778689,0.799637,0.799637,-2.082449,-2.082449,0.828731,0.828731
2026-08-19 20:53:01 ,logistic,sex,Female,False,1099,78,1021,0.924477,0.946315,2.1838,"[0.9073, 0.9387]","[0.9314, 0.9582]",False,1.377616,1.44859,0.622384,0.55141,0.782051,0.782051,0.866797,0.866797,-2.519985,-2.519985,1.25986,1.25986
2026-08-19 20:53:01 ,logistic,race_ethnicity,Non-Hispanic White,False,751,68,683,0.901465,0.930759,2.9294,"[0.8781, 0.9208]","[0.9103, 0.9468]",False,1.456724,1.517976,0.543276,0.482024,0.823529,0.823529,0.851412,0.851412,-2.493572,-2.493572,1.215595,1.215595
2026-08-19 20:53:01 ,logistic,race_ethnicity,Other Race / Multi-Racial,False,113,11,102,0.955752,0.964602,0.885,"[0.9006, 0.981]","[0.9125, 0.9861]",False,1.504425,1.557522,0.495575,0.442478,0.636364,0.636364,0.815508,0.815508,-2.108027,-2.108027,1.343048,1.343048
2026-08-19 20:53:01 ,logistic,race_ethnicity,Mexican American,False,249,31,218,0.919679,0.955823,3.6145,"[0.8792, 0.9474]","[0.9226, 0.9752]",False,1.461847,1.550201,0.538153,0.449799,0.83871,0.83871,0.854839,0.854839,-2.164887,-2.164887,1.382108,1.382108
2026-08-19 20:53:01 ,logistic,race_ethnicity,Non-Hispanic Asian,False,241,14,227,0.954357,0.966805,1.2448,"[0.9201, 0.9743]","[0.9359, 0.9831]",False,1.298755,1.323651,0.701245,0.676349,0.642857,0.642857,0.81309,0.81309,-2.651139,-2.651139,0.192864,0.192864
2026-08-19 20:53:01 ,logistic,race_ethnicity,Non-Hispanic Black,False,550,50,500,0.887273,0.918182,3.0909,"[0.8581, 0.9111]","[0.8923, 0.9383]",True,1.423636,1.501818,0.576364,0.498182,0.72,0.72,0.78912,0.78912,-2.289383,-2.289383,0.878772,0.878772
2026-08-19 20:53:01 ,logistic,race_ethnicity,Other Hispanic,False,242,26,216,0.896694,0.938017,4.1322,"[0.8519, 0.929]","[0.9003, 0.9621]",False,1.442149,1.528926,0.557851,0.471074,0.846154,0.846154,0.846688,0.846688,-2.297746,-2.297746,1.283501,1.283501
2026-08-19 20:53:01 ,logistic,age,40-59,False,665,66,599,0.918797,0.932331,1.3534,"[0.8956, 0.9372]","[0.9107, 0.949]",False,1.467669,1.523308,0.532331,0.476692,0.863636,0.863636,0.862979,0.862979,-2.270392,-2.270392,0.893414,0.893414
2026-08-19 20:53:01 ,logistic,age,18-39,False,740,33,707,0.958108,0.97027,1.2162,"[0.9412, 0.9703]","[0.9554, 0.9803]",False,1.222973,1.290541,0.777027,0.709459,0.666667,0.666667,0.835155,0.835155,-2.431513,-2.431513,1.159341,1.159341
2026-08-19 20:53:01 ,logistic,age,60+,False,741,101,640,0.848853,0.908232,5.9379,"[0.8213, 0.8728]","[0.8853, 0.927]",True,1.608637,1.68556,0.391363,0.31444,0.762376,0.762376,0.745189,0.745189,-2.167579,-2.167579,1.003781,1.003781
2026-08-19 20:53:01 ,logistic,bmi,Overweight,False,673,37,636,0.968796,0.968796,0.0,"[0.9528, 0.9795]","[0.9528, 0.9795]",False,1.479941,1.479941,0.520059,0.520059,0.513514,0.513514,0.799167,0.799167,-2.520168,-2.520168,1.334518,1.334518
2026-08-19 20:53:01 ,logistic,bmi,Normal,False,562,22,540,0.967972,0.967972,0.0,"[0.9499, 0.9796]","[0.9499, 0.9796]",False,1.188612,1.188612,0.811388,0.811388,0.454545,0.454545,0.80665,0.80665,-2.851358,-2.851358,0.326708,0.326708
2026-08-19 20:53:01 ,logistic,bmi,Underweight,False,28,1,27,0.928571,0.928571,0.0,"[0.7735, 0.9802]","[0.7735, 0.9802]",True,1.071429,1.071429,0.928571,0.928571,0.0,0.0,0.333333,0.333333,-5.122968,-5.122968,-0.714956,-0.714956
2026-08-19 20:53:01 ,random_forest,sex,Male,False,1047,122,925,0.890162,0.921681,3.1519,"[0.8698, 0.9077]","[0.9038, 0.9365]",False,1.272206,1.38873,0.727794,0.61127,0.803279,0.803279,0.81175,0.81175,-1.776718,-1.776718,1.204557,1.204557
2026-08-19 20:53:01 ,random_forest,sex,Female,False,1099,78,1021,0.901729,0.934486,3.2757,"[0.8827, 0.918]","[0.9183, 0.9477]",False,1.192903,1.286624,0.807097,0.713376,0.794872,0.794872,0.856212,0.856212,-2.139785,-2.139785,1.373614,1.373614
2026-08-19 20:53:01 ,random_forest,race_ethnicity,Non-Hispanic White,False,751,68,683,0.900133,0.929427,2.9294,"[0.8766, 0.9196]","[0.9088, 0.9456]",False,1.254328,1.354194,0.745672,0.645806,0.867647,0.867647,0.860326,0.860326,-2.066156,-2.066156,1.465074,1.465074
2026-08-19 20:53:01 ,random_forest,race_ethnicity,Other Race / Multi-Racial,False,113,11,102,0.876106,0.920354,4.4248,"[0.8027, 0.9247]","[0.8555, 0.9575]",True,1.176991,1.336283,0.823009,0.663717,0.636364,0.636364,0.793226,0.793226,-1.764272,-1.764272,1.212273,1.212273
2026-08-19 20:53:01 ,random_forest,race_ethnicity,Mexican American,False,249,31,218,0.891566,0.935743,4.4177,"[0.8468, 0.9244]","[0.8982, 0.9601]",True,1.248996,1.37751,0.751004,0.62249,0.83871,0.83871,0.841669,0.841669,-1.688132,-1.688132,1.410972,1.410972
2026-08-19 20:53:01 ,random_forest,race_ethnicity,Non-Hispanic Asian,False,241,14,227,0.941909,0.954357,1.2448,"[0.9049, 0.9651]","[0.9201, 0.9743]",False,1.124481,1.174274,0.875519,0.825726,0.571429,0.571429,0.807741,0.807741,-1.943292,-1.943292,1.076996,1.076996
2026-08-19 20:53:01 ,random_forest,race_ethnicity,Non-Hispanic Black,False,550,50,500,0.878182,0.912727,3.4545,"[0.8482, 0.9029]","[0.8862, 0.9335]",True,1.227273,1.347273,0.772727,0.652727,0.78,0.78,0.81928,0.81928,-2.024001,-2.024001,1.162421,1.162421
2026-08-19 20:53:01 ,random_forest,race_ethnicity,Other Hispanic,False,242,26,216,0.892562,0.929752,3.719,"[0.8472, 0.9256]","[0.8904, 0.9557]",True,1.285124,1.376033,0.714876,0.623967,0.807692,0.807692,0.806802,0.806802,-1.804563,-1.804563,1.146939,1.146939
2026-08-19 20:53:01 ,random_forest,age,40-59,False,665,66,599,0.893233,0.942857,4.9624,"[0.8675, 0.9145]","[0.9225, 0.9581]",False,1.225564,1.372932,0.774436,0.627068,0.863636,0.863636,0.85711,0.85711,-2.02239,-2.02239,1.409458,1.409458
2026-08-19 20:53:01 ,random_forest,age,18-39,False,740,33,707,0.939189,0.959459,2.027,"[0.9196, 0.9542]","[0.9427, 0.9715]",False,1.085135,1.166216,0.914865,0.833784,0.727273,0.727273,0.854014,0.854014,-2.030686,-2.030686,1.290443,1.290443
2026-08-19 20:53:01 ,random_forest,bmi,Overweight,False,673,37,636,0.962853,0.968796,0.5944,"[0.9457, 0.9747]","[0.9528, 0.9795]",False,1.203566,1.236256,0.796434,0.763744,0.567568,0.567568,0.800144,0.800144,-1.838176,-1.838176,1.439232,1.439232
2026-08-19 20:53:01 ,random_forest,bmi,Normal,False,562,22,540,0.964413,0.966192,0.1779,"[0.9457, 0.9768]","[0.9478, 0.9783]",False,1.115658,1.147687,0.884342,0.852313,0.545455,0.545455,0.837626,0.837626,-2.061083,-2.061083,1.221791,1.221791
2026-08-19 20:53:01 ,random_forest,bmi,Underweight,False,28,1,27,0.892857,0.892857,0.0,"[0.728, 0.9629]","[0.728, 0.9629]",True,1.071429,1.071429,0.928571,0.928571,0.0,0.0,0.333333,0.333333,-6.208945,-6.208945,-1.260169,-1.260169
2026-08-19 20:53:01 ,xgboost,sex,Male,False,1047,122,925,0.868195,0.922636,5.4441,"[0.8464, 0.8873]","[0.9049, 0.9373]",False,1.309456,1.461318,0.690544,0.538682,0.844262,0.844262,0.811529,0.811529,-1.982286,-1.982286,1.032167,1.032167
2026-08-19 20:53:01 ,xgboost,sex,Female,False,1099,78,1021,0.89354,0.944495,5.0955,"[0.8739, 0.9104]","[0.9293, 0.9565]",False,1.233849,1.377616,0.766151,0.622384,0.858974,0.858974,0.868065,0.868065,-2.37494,-2.37494,1.235938,1.235938
2026-08-19 20:53:01 ,xgboost,race_ethnicity,Non-Hispanic White,False,751,68,683,0.878828,0.933422,5.4594,"[0.8535, 0.9003]","[0.9133, 0.9491]",False,1.286285,1.440746,0.713715,0.559254,0.882353,0.882353,0.863276,0.863276,-2.358691,-2.358691,1.297846,1.297846
2026-08-19 20:53:01 ,xgboost,race_ethnicity,Other Race / Multi-Racial,False,113,11,102,0.867257,0.938053,7.0796,"[0.7925, 0.9179]","[0.8776, 0.9697]",True,1.265487,1.495575,0.734513,0.504425,0.727273,0.727273,0.786988,0.786988,-1.950461,-1.950461,0.960839,0.960839
2026-08-19 20:53:01 ,xgboost,race_ethnicity,Mexican American,False,249,31,218,0.883534,0.935743,5.2209,"[0.8377, 0.9177]","[0.8982, 0.9601]",True,1.285141,1.437751,0.714859,0.562249,0.83871,0.83871,0.840189,0.840189,-1.855376,-1.855376,1.136713,1.136713
2026-08-19 20:53:01 ,xgboost,race_ethnicity,Non-Hispanic Asian,False,241,14,227,0.941909,0.962656,2.0747,"[0.9049, 0.9651]","[0.9306, 0.9802]",False,1.186722,1.273859,0.813278,0.726141,0.642857,0.642857,0.817495,0.817495,-2.057495,-2.057495,1.004624,1.004624
2026-08-19 20:53:01 ,xgboost,race_ethnicity,Non-Hispanic Black,False,550,50,500,0.869091,0.921818,5.2727,"[0.8383, 0.8947]","[0.8963, 0.9414]",True,1.265455,1.416364,0.734545,0.583636,0.86,0.86,0.82588,0.82588,-2.217361,-2.217361,1.042541,1.042541
2026-08-19 20:53:01 ,xgboost,race_ethnicity,Other Hispanic,False,242,26,216,0.859504,0.929752,7.0248,"[0.8101, 0.8977]","[0.8904, 0.9557]",True,1.305785,1.442149,0.694215,0.557851,0.923077,0.923077,0.83084,0.83084,-2.054419,-2.054419,1.087513,1.087513
2026-08-19 20:53:01 ,xgboost,age,40-59,False,665,66,599,0.890226,0.936842,4.6617,"[0.8642, 0.9118]","[0.9157, 0.9529]",False,1.296241,1.419549,0.703759,0.580451,0.909091,0.909091,0.868771,0.868771,-2.274002,-2.274002,1.297292,1.297292
2026-08-19 20:53:01 ,xgboost,age,18-39,False,740,33,707,0.943243,0.964865,2.1622,"[0.9242, 0.9577]","[0.949, 0.9759]",False,1.110811,1.193243,0.889189,0.806757,0.787879,0.787879,0.851357,0.851357,-2.165035,-2.165035,1.068171,1.068171
2026-08-19 20:53:01 ,xgboost,bmi,Overweight,False,673,37,636,0.962853,0.980684,1.7831,"[0.9457, 0.9747]","[0.9672, 0.9887]",False,1.26003,1.346211,0.73997,0.653789,0.594595,0.594595,0.810046,0.810046,-2.016862,-2.016862,1.276712,1.276712
2026-08-19 20:53:01 ,xgboost,bmi,Normal,False,562,22,540,0.960854,0.975089,1.4235,"[0.9414, 0.974]","[0.9586, 0.9851]",False,1.153025,1.234875,0.846975,0.765125,0.636364,0.636364,0.838468,0.838468,-2.173193,-2.173193,1.118729,1.118729
2026-08-19 20:53:01 ,xgboost,bmi,Underweight,False,28,1,27,0.892857,0.892857,0.0,"[0.728, 0.9629]","[0.728, 0.9629]",True,1.178571,1.178571,0.821429,0.821429,0.0,0.0,0.222222,0.222222,-10.639862,-10.639862,-2.866339,-2.866339
2026-08-19 20:53:01 ,lightgbm,sex,Male,False,1047,122,925,0.890162,0.925501,3.5339,"[0.8698, 0.9077]","[0.908, 0.9399]",False,1.372493,1.456543,0.627507,0.543457,0.786885,0.786885,0.814852,0.814852,-1.977231,-1.977231,1.081738,1.081738
2026-08-19 20:53:01 ,lightgbm,sex,Female,False,1099,78,1021,0.901729,0.930846,2.9117,"[0.8827, 0.918]","[0.9143, 0.9444]",False,1.254777,1.349409,0.745223,0.650591,0.782051,0.782051,0.869849,0.869849,-2.396137,-2.396137,1.299089,1.299089
2026-08-19 20:53:01 ,lightgbm,race_ethnicity,Non-Hispanic White,False,751,68,683,0.89747,0.928096,3.0626,"[0.8737, 0.9172]","[0.9074, 0.9445]",False,1.332889,1.412783,0.667111,0.587217,0.852941,0.852941,0.872901,0.872901,-2.408728,-2.408728,1.45438,1.45438
2026-08-19 20:53:01 ,lightgbm,race_ethnicity,Other Race / Multi-Racial,False,113,11,102,0.893805,0.955752,6.1947,"[0.8235, 0.9382]","[0.9006, 0.981]",False,1.336283,1.469027,0.663717,0.530973,0.636364,0.636364,0.804813,0.804813,-1.991268,-1.991268,1.100247,1.100247
2026-08-19 20:53:01 ,lightgbm,race_ethnicity,Mexican American,False,249,31,218,0.883534,0.927711,4.4177,"[0.8377, 0.9177]","[0.8886, 0.9538]",True,1.325301,1.433735,0.674699,0.566265,0.83871,0.83871,0.838858,0.838858,-1.862653,-1.862653,1.21294,1.21294
2026-08-19 20:53:01 ,lightgbm,race_ethnicity,Non-Hispanic Asian,False,241,14,227,0.946058,0.966805,2.0747,"[0.9099, 0.9682]","[0.9359, 0.9831]",False,1.219917,1.286307,0.780083,0.713693,0.571429,0.571429,0.809314,0.809314,-2.062873,-2.062873,0.986093,0.986093
2026-08-19 20:53:01 ,lightgbm,race_ethnicity,Non-Hispanic Black,False,550,50,500,0.88,0.910909,3.0909,"[0.8502, 0.9046]","[0.8842, 0.932]",True,1.294545,1.398182,0.705455,0.601818,0.76,0.76,0.81816,0.81816,-2.198428,-2.198428,1.023791,1.023791
2026-08-19 20:53:01 ,lightgbm,race_ethnicity,Other Hispanic,False,242,26,216,0.892562,0.917355,2.4793,"[0.8472, 0.9256]","[0.8758, 0.9459]",True,1.355372,1.42562,0.644628,0.57438,0.769231,0.769231,0.83547,0.83547,-2.050377,-2.050377,1.098293,1.098293
2026-08-19 20:53:01 ,lightgbm,age,40-59,False,665,66,599,0.900752,0.948872,4.812,"[0.8757, 0.9212]","[0.9294, 0.9632]",False,1.320301,1.442105,0.679699,0.557895,0.848485,0.848485,0.871882,0.871882,-2.260793,-2.260793,1.299117,1.299117
2026-08-19 20:53:01 ,lightgbm,age,18-39,False,740,33,707,0.940541,0.967568,2.7027,"[0.9211, 0.9554]","[0.9522, 0.9781]",False,1.136486,1.210811,0.863514,0.789189,0.727273,0.727273,0.849085,0.849085,-2.225073,-2.225073,1.083242,1.083242
2026-08-19 20:53:01 ,lightgbm,bmi,Overweight,False,673,37,636,0.971768,0.973254,0.1486,"[0.9563, 0.9819]","[0.9581, 0.983]",False,1.304606,1.332838,0.695394,0.667162,0.540541,0.540541,0.819395,0.819395,-2.080673,-2.080673,1.343201,1.343201
2026-08-19 20:53:01 ,lightgbm,bmi,Normal,False,562,22,540,0.969751,0.97331,0.3559,"[0.9521, 0.981]","[0.9564, 0.9838]",False,1.172598,1.199288,0.827402,0.800712,0.545455,0.545455,0.828283,0.828283,-2.191123,-2.191123,1.087104,1.087104
2026-08-19 20:53:01 ,lightgbm,bmi,Underweight,False,28,1,27,0.892857,0.892857,0.0,"[0.728, 0.9629]","[0.728, 0.9629]",True,1.071429,1.107143,0.928571,0.892857,0.0,0.0,0.111111,0.111111,-20.068537,-20.068537,-5.953215,-5.953215
2026-08-19 20:53:01 ,mlp,sex,Male,False,1047,122,925,0.862464,0.913085,5.0621,"[0.8403, 0.882]","[0.8945, 0.9287]",True,0.95702,1.060172,0.95702,0.939828,0.737705,0.737705,0.803881,0.803881,-0.314073,-0.314073,0.775331,0.775331
2026-08-19 20:53:01 ,mlp,sex,Female,False,1099,78,1021,0.919927,0.942675,2.2748,"[0.9024, 0.9345]","[0.9273, 0.9549]",False,0.979982,1.030027,0.979982,0.969973,0.705128,0.705128,0.85311,0.85311,-0.244959,-0.244959,0.840654,0.840654
2026-08-19 20:53:01 ,mlp,race_ethnicity,Non-Hispanic White,False,751,68,683,0.886818,0.937417,5.0599,"[0.8622, 0.9075]","[0.9178, 0.9526]",False,0.958722,1.053262,0.958722,0.946738,0.779412,0.779412,0.859271,0.859271,-0.129962,-0.129962,0.933222,0.933222
2026-08-19 20:53:01 ,mlp,race_ethnicity,Other Race / Multi-Racial,False,113,11,102,0.911504,0.929204,1.7699,"[0.8447, 0.9512]","[0.8665, 0.9637]",True,0.982301,1.035398,0.982301,0.964602,0.545455,0.545455,0.806595,0.806595,0.314853,0.314853,0.979875,0.979875
2026-08-19 20:53:01 ,mlp,race_ethnicity,Mexican American,False,249,31,218,0.875502,0.907631,3.2129,"[0.8287, 0.9109]","[0.8652, 0.9377]",True,0.971888,1.048193,0.971888,0.951807,0.709677,0.709677,0.840485,0.840485,0.041365,0.041365,0.870507,0.870507
2026-08-19 20:53:01 ,mlp,race_ethnicity,Non-Hispanic Asian,False,241,14,227,0.937759,0.950207,1.2448,"[0.8999, 0.9619]","[0.915, 0.9713]",False,0.995851,1.020747,0.995851,0.979253,0.642857,0.642857,0.824418,0.824418,-0.520165,-0.520165,0.7071,0.7071
2026-08-19 20:53:01 ,mlp,race_ethnicity,Non-Hispanic Black,False,550,50,500,0.887273,0.923636,3.6364,"[0.8581, 0.9111]","[0.8984, 0.943]",True,0.965455,1.047273,0.965455,0.952727,0.68,0.68,0.7868,0.7868,-0.69871,-0.69871,0.636281,0.636281
2026-08-19 20:53:01 ,mlp,race_ethnicity,Other Hispanic,False,242,26,216,0.880165,0.909091,2.8926,"[0.8332, 0.9153]","[0.8662, 0.9392]",True,0.971074,1.03719,0.971074,0.96281,0.807692,0.807692,0.82995,0.82995,0.003322,0.003322,0.906972,0.906972
2026-08-19 20:53:01 ,mlp,age,40-59,False,665,66,599,0.884211,0.935338,5.1128,"[0.8577, 0.9064]","[0.914, 0.9516]",False,0.96391,1.085714,0.96391,0.914286,0.833333,0.833333,0.863156,0.863156,-0.350758,-0.350758,0.825772,0.825772
2026-08-19 20:53:01 ,mlp,age,18-39,False,740,33,707,0.952703,0.97027,1.7568,"[0.9349, 0.9658]","[0.9554, 0.9803]",False,0.991892,1.027027,0.991892,0.972973,0.575758,0.575758,0.835455,0.835455,-0.238748,-0.238748,0.832996,0.832996
2026-08-19 20:53:01 ,mlp,bmi,Overweight,False,673,37,636,0.947994,0.955423,0.7429,"[0.9285, 0.9624]","[0.9371, 0.9686]",False,0.991085,1.004458,0.991085,0.995542,0.432432,0.432432,0.789903,0.789903,-0.322195,-0.322195,0.886815,0.886815
2026-08-19 20:53:01 ,mlp,bmi,Normal,False,562,22,540,0.953737,0.959075,0.5338,"[0.9331, 0.9682]","[0.9393, 0.9726]",False,0.992883,1.003559,0.992883,0.996441,0.454545,0.454545,0.804966,0.804966,-1.126203,-1.126203,0.554105,0.554105
2026-08-19 20:53:01 ,mlp,bmi,Underweight,False,28,1,27,0.928571,0.928571,0.0,"[0.7735, 0.9802]","[0.7735, 0.9802]",True,1.0,1.0,1.0,1.0,0.0,0.0,0.37037,0.37037,-4.606847,-4.606847,-0.213202,-0.213202
