model,dimension,category,positive_cut_kPa,n,coverage,wilson_lo,wilson_hi
logistic,bmi,Obese,8.2,883,0.8233,0.7968,0.8471
logistic,age,60+,8.2,741,0.8489,0.8213,0.8728
logistic,bmi,Obese,10.0,883,0.7928,0.7648,0.8182
logistic,age,60+,10.0,741,0.8394,0.8112,0.8641
logistic,bmi,Obese,12.0,883,0.7678,0.7389,0.7945
logistic,age,60+,12.0,741,0.8219,0.7927,0.8477
random_forest,bmi,Obese,8.2,883,0.8018,0.7742,0.8268
random_forest,age,60+,8.2,741,0.8556,0.8285,0.8791
random_forest,bmi,Obese,10.0,883,0.7758,0.7471,0.802
random_forest,age,60+,10.0,741,0.857,0.8299,0.8803
random_forest,bmi,Obese,12.0,883,0.7475,0.7178,0.775
random_forest,age,60+,12.0,741,0.8421,0.8141,0.8666
xgboost,bmi,Obese,8.2,883,0.7678,0.7389,0.7945
xgboost,age,60+,8.2,741,0.8111,0.7813,0.8376
xgboost,bmi,Obese,10.0,883,0.7339,0.7037,0.762
xgboost,age,60+,10.0,741,0.7989,0.7686,0.8262
xgboost,bmi,Obese,12.0,883,0.7022,0.6712,0.7314
xgboost,age,60+,12.0,741,0.7814,0.7502,0.8096
lightgbm,bmi,Obese,8.2,883,0.7916,0.7636,0.8171
lightgbm,age,60+,8.2,741,0.8475,0.8198,0.8716
lightgbm,bmi,Obese,10.0,883,0.7599,0.7306,0.7869
lightgbm,age,60+,10.0,741,0.8354,0.8069,0.8603
lightgbm,bmi,Obese,12.0,883,0.7327,0.7026,0.7609
lightgbm,age,60+,12.0,741,0.8178,0.7884,0.8439
mlp,bmi,Obese,8.2,883,0.8086,0.7813,0.8332
mlp,age,60+,8.2,741,0.8381,0.8098,0.8628
mlp,bmi,Obese,10.0,883,0.855,0.8303,0.8767
mlp,age,60+,10.0,741,0.8826,0.8574,0.9038
mlp,bmi,Obese,12.0,883,0.8822,0.8593,0.9018
mlp,age,60+,12.0,741,0.9069,0.8838,0.9258
