SEQN,true_target,predicted_probability_positive,nonconformity_score
109293,0,0.01659712394099836,0.016597123940998326
109303,0,0.003810995480472575,0.00381099548047259
109307,0,0.02079027453785195,0.020790274537851983
109319,0,0.0033475095260877947,0.003347509526087755
109336,0,0.09725887280050871,0.09725887280050871
109391,1,0.11918442853706744,0.8808155714629325
109394,0,0.007627978527505486,0.007627978527505519
109413,0,0.15618008124868163,0.15618008124868166
109436,1,0.2566668491037531,0.7433331508962469
109439,0,0.05866346423702653,0.05866346423702651
109450,0,0.0024852999725733173,0.002485299972573296
109455,0,0.019838389274260747,0.019838389274260737
109468,0,0.2756175378614063,0.2756175378614063
109474,0,0.29334879605682845,0.2933487960568284
109496,0,0.5132198796528846,0.5132198796528846
109508,0,0.16109337941047044,0.16109337941047042
109512,0,0.23551402217243428,0.23551402217243433
109520,0,0.06992196657280376,0.0699219665728038
109527,0,0.01584987386940086,0.015849873869400843
109530,1,0.03324439150358012,0.9667556084964198
109536,0,0.0014392126527172926,0.0014392126527172922
109548,0,0.0485927916219745,0.048592791621974496
109555,0,0.0002467201531210126,0.00024672015312099393
109562,0,0.04767665254080028,0.047676652540800335
109581,0,0.02688461021737681,0.02688461021737676
109585,0,0.010287037656267683,0.010287037656267706
109598,0,0.007211939096001155,0.007211939096001152
109615,0,0.04972058613405305,0.04972058613405306
109640,0,0.042508881492863075,0.042508881492863027
109654,0,0.010105650295828644,0.010105650295828661
109669,0,0.03372831016890501,0.033728310168904985
109677,0,0.19999507535878439,0.19999507535878436
109685,0,0.015349078636595178,0.015349078636595181
109703,0,0.02716839275257194,0.02716839275257199
109709,0,0.2985163191968832,0.29851631919688315
109714,0,0.012546876787893404,0.012546876787893457
109725,0,0.03441703035005596,0.034417030350055944
109742,0,0.1586288910228602,0.15862889102286015
109763,0,0.22784426185230847,0.22784426185230844
109774,0,0.06058363325515967,0.0605836332551597
109807,0,0.007569985555858427,0.007569985555858416
109821,0,0.014829718392133711,0.014829718392133762
109825,0,0.007025709607453605,0.007025709607453634
109843,0,0.06177687664207159,0.06177687664207154
109867,0,0.03612252649335138,0.03612252649335135
109886,1,0.6230211480722696,0.3769788519277304
109922,0,0.0027482622238516868,0.0027482622238517163
109926,0,0.014324633026704885,0.014324633026704836
109957,0,0.0034068600590449875,0.0034068600590450027
109977,0,0.006641703116446059,0.006641703116446074
109979,0,0.002792748348873282,0.0027927483488733307
109981,0,0.06166905609306299,0.061669056093062946
109990,0,0.06725854022396,0.06725854022396005
110023,0,0.02487335704072414,0.02487335704072413
110042,0,0.04758928903218447,0.04758928903218451
110054,0,0.0796401322437195,0.07964013224371946
110061,0,0.10828082109284448,0.10828082109284454
110067,0,0.009359262300393644,0.009359262300393634
110079,0,0.05642772862110212,0.056427728621102125
110107,0,0.04006492475192697,0.04006492475192691
110112,0,0.007206744326455339,0.007206744326455294
110123,1,0.1421152808363371,0.8578847191636629
110130,0,0.016196135663636275,0.016196135663636313
110134,0,0.22726872107963628,0.22726872107963625
110144,0,0.01524510640527937,0.015245106405279318
110155,0,0.010220212425252976,0.01022021242525295
110173,0,0.008998852651948022,0.008998852651947997
110180,0,0.055568086702964446,0.055568086702964425
110228,0,0.09190671497385494,0.09190671497385494
110306,1,0.9271538791429939,0.07284612085700615
110319,0,0.024889638314309074,0.024889638314309126
110321,0,0.03186130494237597,0.031861304942375934
110414,0,0.011501060878992015,0.011501060878992053
110415,0,0.020899791646356455,0.02089979164635647
110421,0,0.1440651714422274,0.1440651714422274
110489,0,0.05629508030253775,0.056295080302537714
110494,0,0.0422667590208398,0.04226675902083976
110508,0,0.020548814276290944,0.02054881427629096
110545,0,0.19958429031308667,0.19958429031308667
110546,0,0.050878812732106794,0.050878812732106815
110581,0,0.07501000869662962,0.07501000869662966
110607,0,0.020074878347305605,0.02007487834730559
110615,0,0.009470176985641935,0.009470176985641898
110617,0,0.034040825577431356,0.03404082557743138
110626,0,0.05847017833035063,0.05847017833035062
110639,0,0.12870228543136622,0.1287022854313662
110684,0,0.0004184034833374617,0.00041840348333743727
110713,0,0.001169843618131135,0.0011698436181311056
110723,0,0.04088832368170973,0.04088832368170969
110789,0,0.01604385855319293,0.016043858553192902
110794,0,0.23086339556798627,0.2308633955679863
110810,1,0.1875805771311856,0.8124194228688144
110822,0,0.050487134302910144,0.050487134302910186
110836,0,0.240338357917124,0.240338357917124
110867,0,0.1521303632421174,0.15213036324211737
110890,0,0.003982277694326155,0.003982277694326131
110894,0,0.027176317958895593,0.027176317958895635
110898,0,0.10028018017895678,0.10028018017895679
110910,0,0.022466824886981297,0.022466824886981263
110916,0,0.0012824905100017965,0.0012824905100018436
110917,0,0.032991739793053663,0.0329917397930537
110954,0,0.0005701050694458801,0.0005701050694458809
110958,0,0.01854814644314002,0.018548146443140068
110959,0,0.2638769936275065,0.2638769936275065
110977,0,0.10021433953116657,0.10021433953116654
110993,0,0.024004986461389946,0.024004986461389932
111006,0,0.2715362977692701,0.27153629776927013
111011,0,0.027668687519483426,0.02766868751948337
111036,0,0.14254597094937785,0.14254597094937782
111045,0,0.011592612782796751,0.011592612782796774
111060,0,0.002762593163186777,0.0027625931631867218
111078,0,0.07857148884402414,0.0785714888440241
111079,0,0.00046279020129676455,0.00046279020129680326
111083,0,0.13609349459928027,0.13609349459928022
111122,0,0.051411767328111216,0.05141176732811126
111124,0,0.0001567775187148147,0.00015677751871479018
111136,0,0.033270119625645404,0.03327011962564541
111140,0,0.13670859544960526,0.13670859544960523
111199,0,0.0022721966032178595,0.0022721966032178686
111206,0,0.03282130430952462,0.03282130430952457
111207,0,0.6456048876023278,0.6456048876023278
111232,0,0.004472181647521235,0.004472181647521278
111244,0,0.026062197156131783,0.026062197156131783
111250,0,0.13540338776363153,0.1354033877636316
111262,0,0.2359614791504822,0.23596147915048227
111309,0,0.01423585703012903,0.014235857030129084
111322,0,0.059155658560703164,0.05915565856070315
111328,0,0.09231941190619902,0.09231941190619897
111337,0,0.008928170730730734,0.008928170730730711
111343,0,0.00831321445926192,0.00831321445926192
111365,0,0.0016973401648265518,0.0016973401648265884
111380,1,0.4680335599248662,0.5319664400751338
111391,0,0.00042065303528095123,0.0004206530352809379
111396,0,0.07721885777552205,0.07721885777552207
111397,0,0.07075232318533384,0.07075232318533387
111433,0,0.029791371970171274,0.029791371970171232
111449,0,0.028383304933844746,0.028383304933844777
111463,0,0.09066839644488932,0.09066839644488933
111465,0,0.00012776846155227253,0.00012776846155226895
111502,0,0.6151980437464789,0.6151980437464789
111533,0,0.010332323043349039,0.010332323043349079
111535,1,0.43066943472376146,0.5693305652762386
111543,0,0.0016134058629743574,0.0016134058629743153
111555,1,0.05256939782805052,0.9474306021719495
111557,0,0.004924859537698266,0.0049248595376982784
111564,1,0.9486475911988789,0.05135240880112113
111571,0,0.1138124349855393,0.11381243498553928
111589,0,0.06293761068545593,0.06293761068545589
111595,0,0.01104215110228735,0.011042151102287345
111598,1,0.26142777569328324,0.7385722243067168
111608,0,0.019908666102824255,0.01990866610282427
111629,0,0.07709448880059097,0.077094488800591
111638,0,0.02448567293756074,0.024485672937560765
111640,1,0.16529572735834247,0.8347042726416576
111652,0,0.00028686692994942106,0.000286866929949392
111688,0,0.021753749315376256,0.021753749315376214
111692,0,0.028949947830368687,0.02894994783036864
111726,0,0.010131676131689164,0.010131676131689193
111728,0,0.2302151938367359,0.23021519383673583
111736,0,0.10407065503987421,0.10407065503987423
111745,0,0.3040248041047095,0.30402480410470956
111751,0,0.06538906100820858,0.06538906100820863
111760,1,0.19415517718272768,0.8058448228172723
111773,0,0.00023599477073045613,0.00023599477073044106
111778,0,0.004344648694986345,0.004344648694986297
111789,0,0.010810719721571561,0.010810719721571549
111803,0,0.19977299530871695,0.19977299530871695
111804,0,0.32766966445390905,0.327669664453909
111860,0,0.05859285749431779,0.05859285749431775
111874,0,0.0240808285690458,0.02408082856904581
111876,0,0.27615749845488075,0.2761574984548807
111879,0,0.18151163445443458,0.18151163445443452
111882,0,0.004430913477367821,0.004430913477367793
111887,0,0.004426230841614147,0.004426230841614198
111894,0,0.004947575440545667,0.004947575440545693
111896,0,0.08830155817830755,0.08830155817830754
111908,0,0.008507760638913795,0.008507760638913786
111923,1,0.5180489585768762,0.48195104142312384
111935,0,0.0033804421640830505,0.003380442164083064
111977,0,0.2823865423506647,0.2823865423506646
111979,0,0.00022945609289778726,0.00022945609289781732
112008,0,0.030080068256773795,0.030080068256773784
112047,1,0.2246119800582501,0.7753880199417499
112055,0,0.003253047071200051,0.0032530470711999993
112060,0,0.027116553417353025,0.027116553417352973
112089,0,0.01445334531401985,0.014453345314019872
112098,0,0.022907747107169047,0.02290774710716903
112109,0,0.0047072913054116185,0.004707291305411587
112113,0,0.052385771038177965,0.052385771038177986
112168,0,0.2324064984279224,0.23240649842792238
112171,0,0.006610825737900574,0.006610825737900616
112173,0,0.004682958524559303,0.004682958524559355
112174,0,0.004920614360819221,0.004920614360819253
112187,1,0.037438117790074686,0.9625618822099253
112195,0,0.1433492129783049,0.14334921297830494
112210,0,0.031238067334429954,0.03123806733442991
112219,0,0.0016937043523769467,0.0016937043523769235
112226,0,0.09050326609681565,0.0905032660968157
112239,0,0.005231968352927455,0.005231968352927496
112242,0,0.05465550909367645,0.054655509093676446
112248,0,0.027854596745158732,0.027854596745158777
112252,0,0.08634106539703161,0.08634106539703157
112303,0,0.1989176021473616,0.19891760214736154
112305,0,0.32632025144761495,0.3263202514476149
112320,0,0.04031281582616708,0.04031281582616708
112389,0,0.023084989618503405,0.02308498961850336
112391,0,0.045377165891613,0.045377165891613
112431,0,0.0005714750423321396,0.0005714750423321258
112450,0,0.040590737216250686,0.04059073721625073
112467,0,0.1387014085251306,0.13870140852513058
112553,0,0.02496808092083711,0.024968080920837132
112556,0,0.016654427496659567,0.016654427496659574
112560,1,0.1943540521081342,0.8056459478918658
112566,0,0.011321676555672596,0.011321676555672622
112574,0,0.081256528109815,0.08125652810981498
112581,1,0.31412577089643223,0.6858742291035678
112594,0,0.20300107123711617,0.2030010712371162
112605,0,0.00808269419391771,0.008082694193917717
112617,0,0.011454394863221681,0.01145439486322164
112648,0,0.10001267322032761,0.10001267322032759
112680,0,0.036023243528179386,0.03602324352817943
112692,0,0.02914336076368088,0.029143360763680848
112729,0,0.013674312412386315,0.013674312412386369
112738,0,0.1694551445574329,0.16945514455743294
112739,0,0.07916904793801394,0.07916904793801394
112752,0,0.08118205232763205,0.08118205232763209
112769,0,0.013079126965352812,0.01307912696535285
112783,0,0.26396484233219036,0.2639648423321903
112790,0,0.026502949693499436,0.026502949693499422
112793,0,0.0011181769220294853,0.0011181769220295346
112798,0,0.16945095389628786,0.16945095389628784
112818,0,0.01651071681804469,0.016510716818044724
112849,0,0.0018540515734988116,0.0018540515734988272
112855,0,0.05228218929203286,0.05228218929203288
112886,0,0.02884255243086884,0.028842552430868862
112890,0,0.022662380214251845,0.02266238021425182
112901,0,0.26084803172928156,0.2608480317292816
112906,0,0.003060565356881173,0.003060565356881151
112910,0,0.04627879971715492,0.04627879971715487
112919,1,0.9895988317540645,0.01040116824593551
112926,0,0.09383142953209278,0.09383142953209278
112942,0,0.005536617214981957,0.005536617214981998
112944,0,0.09007705069351907,0.09007705069351912
112949,0,0.06240919219834237,0.0624091921983424
112953,0,0.023715343675898736,0.02371534367589878
112956,0,0.0019981612007296807,0.001998161200729709
113010,0,0.18040025161230508,0.1804002516123051
113093,0,0.0445950614842375,0.04459506148423753
113145,0,0.01601835068595031,0.016018350685950367
113151,0,0.040982623015008955,0.04098262301500899
113166,0,0.10096231200070249,0.10096231200070249
113169,0,0.02668259107568366,0.026682591075683604
113178,0,0.11870043585632442,0.1187004358563244
113182,0,0.006003793895832771,0.006003793895832721
113188,0,0.12667562010459993,0.12667562010459998
113199,0,0.028767701731595176,0.028767701731595152
113202,0,0.015421051082089422,0.015421051082089465
113204,0,0.009426935844533534,0.00942693584453358
113216,0,0.11906767563555683,0.11906767563555687
113237,1,0.320194486779698,0.679805513220302
113242,0,0.0611477524184772,0.06114775241847714
113244,0,0.012211021949128402,0.012211021949128376
113250,0,0.015774773796110957,0.01577477379611092
113253,0,0.07172431548957926,0.07172431548957925
113264,0,0.029755590774242176,0.02975559077424217
113294,0,0.01731297300902662,0.017312973009026567
113325,0,0.004404470474182374,0.004404470474182354
113368,0,0.005909059508377505,0.005909059508377501
113386,0,0.12162438466450691,0.12162438466450687
113403,0,0.026577475887646224,0.02657747588764625
113416,0,0.11217865068455213,0.11217865068455213
113418,0,0.0024599542956609956,0.0024599542956610376
113436,0,0.0018377668461193345,0.0018377668461193597
113479,0,0.03569654529193664,0.035696545291936665
113487,0,0.1730514578236879,0.17305145782368792
113499,0,0.003944876518964339,0.0039448765189643575
113514,0,0.2869939581422161,0.28699395814221607
113528,0,0.46006282231266177,0.4600628223126617
113532,0,0.014974422742689222,0.01497442274268923
113541,0,0.13505705588666422,0.13505705588666417
113542,1,0.05548065145630465,0.9445193485436953
113553,0,0.047034538395517515,0.04703453839551752
113565,0,0.001256163744083434,0.0012561637440834383
113580,0,0.053169061141841785,0.053169061141841834
113581,0,0.02262680301386682,0.02262680301386677
113597,0,0.20076810419480812,0.20076810419480817
113602,0,0.05763841683509358,0.05763841683509363
113637,0,0.0015445430564865234,0.001544543056486547
113651,0,0.4710456118219729,0.4710456118219729
113674,0,0.06342862514348918,0.06342862514348924
113683,0,0.06498634384513054,0.06498634384513058
113684,0,0.20033749707588794,0.200337497075888
113707,0,0.12505105043891152,0.12505105043891152
113763,0,0.040559549377077855,0.04055954937707784
113773,1,0.30090061979908517,0.6990993802009149
113777,0,0.029474434860820957,0.02947443486082091
113788,0,0.010184618455433987,0.010184618455433947
113799,0,0.024722431343525746,0.024722431343525697
113828,0,0.0035174447881627467,0.003517444788162738
113847,0,0.006231926337520352,0.006231926337520344
113863,0,0.03358489377364254,0.03358489377364249
113874,0,0.07667022790232401,0.07667022790232403
113891,0,0.0025686231849749892,0.002568623184974972
113900,0,0.04455317130067872,0.04455317130067871
113914,0,7.524884315465397e-05,7.524884315468494e-05
113957,0,0.0216176026141711,0.021617602614171116
113971,0,0.09856553629575239,0.09856553629575238
113994,0,0.029284110022475673,0.029284110022475662
114008,1,0.3526403547325889,0.6473596452674111
114054,0,0.20225091848849314,0.20225091848849308
114118,0,0.3285484298348219,0.3285484298348219
114182,0,0.027546125252057803,0.027546125252057796
114294,0,0.02403158491205143,0.024031584912051374
114323,0,0.010983043126553365,0.010983043126553405
114324,0,0.04024867552082202,0.04024867552082201
114331,0,0.014233944242998411,0.014233944242998398
114338,0,0.008527281143839065,0.00852728114383905
114357,0,0.042748725625343084,0.04274872562534304
114374,0,0.0069916943103283235,0.006991694310328311
114386,0,0.09513121721304323,0.09513121721304318
114396,0,0.04296647248954377,0.04296647248954377
114410,1,0.04980848182670647,0.9501915181732935
114413,0,0.026385157240043693,0.026385157240043644
114490,0,0.04374040729585691,0.04374040729585693
114499,0,0.028610762745399587,0.02861076274539953
114519,0,0.02594281166766418,0.025942811667664212
114521,0,0.010463201341871252,0.010463201341871287
114523,0,0.0019178139925281029,0.0019178139925281057
114527,0,0.12010567813801364,0.12010567813801365
114533,0,0.0018601815157242836,0.001860181515724313
114560,0,0.017682576294839717,0.017682576294839714
114576,0,0.004515398982629078,0.004515398982629093
114578,0,0.0029184307952502325,0.0029184307952502264
114611,0,0.021343405121309614,0.02134340512130961
114631,0,0.0037072566055497227,0.0037072566055497136
114663,0,0.06789001284615241,0.06789001284615237
114672,0,0.012285949675956514,0.012285949675956531
114673,0,0.02890289465344115,0.028902894653441202
114687,0,0.0032287071665789897,0.00322870716657897
114701,0,0.009001190145281375,0.009001190145281335
114724,0,0.07288026526370969,0.07288026526370972
114741,1,0.339887273619686,0.6601127263803139
114765,0,0.029373484393493,0.029373484393492966
114790,0,0.30237966339180444,0.30237966339180444
114793,0,0.021381350028122005,0.021381350028122026
114828,0,0.1192189510776229,0.11921895107762293
114849,0,0.37796671358109296,0.3779667135810929
114861,0,0.10690735130851954,0.10690735130851958
114863,0,0.038604630520167736,0.038604630520167715
114868,0,0.003158615063405761,0.0031586150634057564
114871,0,0.0832956497565873,0.08329564975658732
114872,0,0.023954056155467644,0.02395405615546764
114905,0,0.018002556082340356,0.01800255608234036
114908,1,0.17904562995036308,0.8209543700496369
114910,0,0.01206404328406927,0.012064043284069292
114925,0,0.0029531150953618656,0.002953115095361891
114941,1,0.16700609568788524,0.8329939043121147
114954,0,8.10328214789417e-05,8.103282147897684e-05
114961,0,0.11823744021145406,0.1182374402114541
114978,0,0.0012266825777608801,0.0012266825777609291
114985,1,0.4875373953974205,0.5124626046025795
114986,1,0.6821752034839137,0.3178247965160863
115005,0,0.019690690582506686,0.01969069058250672
115006,0,0.0010214546593552618,0.0010214546593552143
115015,0,0.10104146099860357,0.10104146099860356
115028,0,0.140777987622885,0.14077798762288496
115030,0,0.017223818049588707,0.017223818049588724
115036,0,0.0018901413008358683,0.001890141300835868
115042,0,0.3238033913776015,0.3238033913776015
115044,0,0.010824432604206301,0.010824432604206291
115057,0,0.2529436683888161,0.2529436683888161
115065,0,0.0009770843970106056,0.000977084397010608
115074,0,0.033964416889286225,0.0339644168892862
115091,0,0.03835254285011848,0.038352542850118465
115140,0,0.045451578996043664,0.045451578996043684
115151,1,0.6015056127520605,0.3984943872479395
115154,0,0.040962583305195706,0.040962583305195754
115159,0,0.14339763348969609,0.14339763348969603
115205,0,0.0011085587594336754,0.0011085587594337198
115206,0,0.0419833488016484,0.041983348801648446
115242,1,0.2111927073270326,0.7888072926729675
115257,0,0.0035915192646990657,0.003591519264699028
115261,0,0.03228392685358155,0.0322839268535815
115273,0,0.08033043164678537,0.08033043164678533
115283,0,0.012832126027949534,0.012832126027949586
115328,0,0.044375106407082456,0.04437510640708242
115394,0,0.0710855353171266,0.07108553531712658
115418,0,0.006867530603412063,0.006867530603412053
115440,0,0.3496942783726149,0.3496942783726149
115447,0,0.005057515183595292,0.005057515183595318
115469,1,0.24570703585167014,0.7542929641483298
115470,0,0.03593428701666981,0.035934287016669786
115474,0,0.028195195721323087,0.02819519572132312
115487,0,0.010223560281694608,0.010223560281694577
115489,0,0.03185612120294025,0.031856121202940235
115494,0,0.07913828543217637,0.07913828543217638
115526,0,0.13155207742406166,0.13155207742406172
115538,0,0.03461326480320583,0.03461326480320581
115546,0,0.029762735907314743,0.029762735907314708
115558,0,0.11521140245219182,0.11521140245219186
115581,0,0.16231113555281496,0.16231113555281496
115588,0,0.04072708932750546,0.04072708932750546
115592,0,0.035041736060595866,0.03504173606059591
115605,0,0.7742169677547625,0.7742169677547625
115656,0,0.17301097945701066,0.17301097945701072
115671,0,0.010365212641483356,0.010365212641483379
115692,0,0.08734982765657393,0.08734982765657395
115715,0,0.05110800360054379,0.051108003600543794
115731,0,0.002898143863588514,0.0028981438635885537
115739,0,0.025218677802232456,0.025218677802232414
115744,0,0.0759004904251366,0.07590049042513658
115757,0,0.2887075928725897,0.28870759287258974
115764,0,0.002366031382799679,0.0023660313827996715
115780,0,0.0026714608188840583,0.0026714608188840305
115861,0,0.07311710951401774,0.07311710951401773
115878,0,0.002945249325423157,0.0029452493254231715
115895,0,0.10472669511654559,0.10472669511654553
115936,0,0.07247505778470868,0.07247505778470864
115942,0,0.10699239106190832,0.10699239106190828
115989,0,0.05929592354710129,0.05929592354710134
115998,0,0.0030443403310089568,0.0030443403310089767
116000,0,0.01577384487722972,0.01577384487722977
116008,1,0.24988497577095264,0.7501150242290473
116027,0,0.045937003898593926,0.0459370038985939
116028,0,0.015319305913125057,0.015319305913125025
116043,0,0.16378686763008204,0.163786867630082
116044,0,0.06147448747258868,0.06147448747258866
116062,0,0.024614620456955137,0.024614620456955172
116067,0,0.15979217179132116,0.1597921717913211
116073,0,0.058636004618727665,0.058636004618727644
116075,0,0.004569443456240294,0.00456944345624033
116078,0,0.013528845423707081,0.013528845423707025
116094,0,0.18872966125050683,0.18872966125050683
116099,0,0.10556486552594173,0.10556486552594169
116107,0,0.031164117701007476,0.031164117701007465
116110,0,0.0027380694488108397,0.0027380694488108315
116166,0,0.0411869599557747,0.041186959955774705
116202,0,0.0772954069658388,0.07729540696583881
116226,0,0.005794789834797663,0.005794789834797642
116235,0,0.010848880589679501,0.010848880589679477
116243,0,0.02255404193693734,0.02255404193693733
116270,0,0.05849779243847577,0.05849779243847575
116271,0,0.007259434575904768,0.007259434575904722
116276,0,0.07517606606455672,0.07517606606455673
116293,0,0.0003452407020203374,0.00034524070202035517
116295,0,0.011691371294524074,0.011691371294524022
116307,0,0.07452707479165997,0.07452707479165999
116314,0,0.000805819908337389,0.0008058199083373907
116320,0,0.027082076924533325,0.02708207692453335
116325,1,0.22045264467271267,0.7795473553272874
116347,1,0.5228243561612994,0.4771756438387006
116355,0,0.0025134073827987294,0.0025134073827987047
116357,0,0.016137713230222287,0.016137713230222284
116373,0,0.03483253420764765,0.03483253420764765
116374,0,0.009894013635967359,0.009894013635967314
116389,0,0.2656887383695265,0.26568873836952656
116390,0,0.03428615011512979,0.03428615011512981
116441,0,0.045511510156770775,0.045511510156770796
116457,0,0.02542256481255846,0.025422564812558446
116472,0,0.12552977013015604,0.1255297701301561
116488,1,0.21700592714744138,0.7829940728525586
116534,0,0.005792989073354783,0.005792989073354793
116546,0,0.0032809397201210675,0.003280939720121112
116560,0,0.012474555289929266,0.012474555289929246
116569,0,0.046239723147614716,0.04623972314761471
116582,1,0.02422016916086836,0.9757798308391317
116600,0,0.06150592381863575,0.06150592381863573
116601,0,0.10533716413433698,0.10533716413433702
116607,0,0.04239885726393066,0.04239885726393067
116610,0,0.006300720066224377,0.006300720066224397
116620,0,0.12469627590205903,0.124696275902059
116631,0,0.012547586736848344,0.012547586736848304
116656,0,0.03201555172741646,0.032015551727416436
116660,0,0.003943853293557332,0.003943853293557287
116666,1,0.4749256565369033,0.5250743434630967
116672,0,0.06585006314244324,0.06585006314244324
116693,0,0.07892725105093305,0.07892725105093301
116713,0,0.0018123448167151495,0.0018123448167151057
116741,0,0.4247506546634524,0.4247506546634524
116766,1,0.045046608906717224,0.9549533910932828
116782,0,0.005331680874099386,0.005331680874099409
116786,0,0.04620432003844165,0.04620432003844166
116794,1,0.20519559332780882,0.7948044066721912
116813,0,0.009253004216024761,0.009253004216024707
116814,0,0.06806002516314674,0.06806002516314669
116822,0,0.00011329237316878992,0.00011329237316881624
116865,0,0.056929858199746004,0.05692985819974605
116890,0,0.06294671863734153,0.06294671863734158
116896,0,0.0015055959004160189,0.0015055959004159902
116916,0,0.17275306995950593,0.1727530699595059
116962,0,0.15956996842837692,0.1595699684283769
117014,0,0.015723988088134775,0.0157239880881348
117033,0,0.017209434566940983,0.017209434566941018
117049,0,0.0030015173615326176,0.0030015173615326463
117082,0,0.0004844882661091866,0.00048448826610913986
117091,0,0.037677519474604834,0.03767751947460485
117101,0,0.21359974502362492,0.2135997450236249
117124,0,0.016541115839053492,0.01654111583905349
117138,1,0.164643050251415,0.835356949748585
117156,0,0.014084627479754683,0.014084627479754697
117164,0,0.11339017084075387,0.11339017084075387
117177,0,0.024325749292496923,0.024325749292496868
117186,1,0.0052059602558849625,0.9947940397441151
117260,0,0.10190727345900023,0.10190727345900019
117265,0,0.016245098185850092,0.01624509818585007
117270,0,0.005256742953554749,0.005256742953554716
117358,1,0.027785418612084733,0.9722145813879153
117384,0,0.013372197121546449,0.01337219712154647
117387,0,0.14420752618926258,0.14420752618926258
117419,0,0.16672870172569373,0.16672870172569376
117481,0,0.0727246780120174,0.07272467801201743
117485,0,0.053808606559113736,0.05380860655911368
117499,0,0.0023598570719374837,0.0023598570719375322
117502,0,0.024813649518072786,0.024813649518072745
117507,0,0.04524129595311526,0.04524129595311521
117511,0,0.0051646881934846196,0.00516468819348459
117573,0,0.1275332199874429,0.12753321998744294
117604,1,0.42653435699027903,0.5734656430097209
117652,0,0.02590006536752471,0.02590006536752476
117675,0,0.12672080667958185,0.12672080667958185
117677,0,0.05490602694459553,0.054906026944595565
117678,0,0.21319064661563286,0.2131906466156328
117703,0,0.062015889858745364,0.0620158898587454
117714,0,0.018240823560648465,0.01824082356064849
117738,0,0.00043690764765275033,0.00043690764765269563
117746,0,0.041723152330179314,0.041723152330179314
117838,0,0.016512728150916676,0.016512728150916645
117857,0,0.005321639420325472,0.005321639420325486
117866,0,0.36296346627751996,0.36296346627751996
117873,1,0.2881121566847561,0.7118878433152439
117877,0,0.0016824605795001321,0.0016824605795001668
117886,0,0.029009981439809613,0.029009981439809596
117888,0,0.0071780388441763715,0.007178038844176338
117890,0,0.19349835836793625,0.19349835836793627
117916,0,0.04512099922909999,0.045120999229099956
117922,1,0.014562774041844702,0.9854372259581553
117929,0,0.035668395640667816,0.035668395640667816
117937,0,0.08655087384284454,0.08655087384284454
117962,0,0.14810055129421273,0.14810055129421273
117971,0,0.00046383084305815127,0.0004638308430581217
118022,0,0.017576894209653433,0.01757689420965347
118023,0,0.00503547538388418,0.005035475383884158
118055,0,0.21407688996782312,0.21407688996782315
118058,0,0.07018684140294927,0.07018684140294928
118105,0,0.0180608539149286,0.01806085391492862
118111,0,0.13746354706445033,0.1374635470644503
118128,0,0.13992173569256103,0.13992173569256106
118131,0,0.022403212577889707,0.022403212577889686
118135,0,0.07792705107735942,0.07792705107735942
118149,0,0.15395165179326714,0.15395165179326709
118154,0,0.0687323922640123,0.06873239226401229
118163,0,0.03085316631986277,0.03085316631986279
118216,0,0.01504834912951623,0.015048349129516247
118221,1,0.35096226648744244,0.6490377335125576
118228,1,0.26091374544493057,0.7390862545550694
118231,1,0.08182383464785035,0.9181761653521496
118247,0,0.08994018332417456,0.08994018332417453
118253,0,0.05616409594862764,0.05616409594862759
118258,0,0.00924250993187777,0.009242509931877807
118300,0,0.07451369217835704,0.07451369217835702
118302,0,0.020954157831012038,0.020954157831012066
118316,0,0.034367657977232416,0.0343676579772324
118349,0,0.09169261262306591,0.09169261262306594
118412,0,0.06709318331381678,0.06709318331381675
118480,0,0.1812665761799734,0.18126657617997344
118515,0,0.049322807026494525,0.0493228070264945
118528,0,0.003463458028730348,0.0034634580287303818
118544,0,0.13276621093984659,0.13276621093984664
118577,0,0.018227658479193817,0.01822765847919383
118580,0,0.0027721600618224626,0.0027721600618224596
118586,0,0.029523355736315576,0.029523355736315593
118600,0,0.029652730017637335,0.029652730017637352
118614,0,0.053599235112943545,0.05359923511294351
118620,0,0.0808472985241367,0.08084729852413675
118634,0,0.018458459423926193,0.01845845942392621
118643,0,0.025503199265239182,0.02550319926523914
118658,0,0.09066887759579788,0.09066887759579789
118678,0,0.17842658104739925,0.17842658104739928
118681,0,0.07518582643554188,0.07518582643554184
118696,0,0.00657347365094832,0.006573473650948292
118706,0,0.005821318304520055,0.00582131830452004
118713,0,0.02487635079254559,0.024876350792545576
118714,1,0.03591664953625983,0.9640833504637402
118718,0,0.08201021431384423,0.08201021431384425
118719,0,0.0055435073492820066,0.005543507349281995
118723,0,0.020128018824940967,0.020128018824940974
118724,0,0.007274087082056759,0.0072740870820567904
118735,0,0.02689658478310485,0.02689658478310486
118736,0,0.09666367634600428,0.09666367634600426
118737,0,0.062009471124228985,0.06200947112422894
118742,0,0.026465786477700367,0.02646578647770037
118753,1,0.23275732371080968,0.7672426762891903
118778,0,0.09232383848221876,0.0923238384822187
118809,0,0.04597368815910325,0.0459736881591033
118836,0,0.008731235027098896,0.008731235027098938
118839,0,0.05502341143933876,0.055023411439338754
118853,0,0.0007341928344200317,0.0007341928344199999
118864,0,0.06588959088394904,0.06588959088394908
118873,0,0.0476638046381414,0.04766380463814135
118877,0,0.0750036173491502,0.07500361734915018
118887,0,0.02278986225769717,0.02278986225769719
118894,0,0.005868680404133628,0.005868680404133575
118901,0,0.01080782341752962,0.010807823417529616
118921,0,0.033021057478610276,0.03302105747861028
118926,0,0.018959764575925034,0.018959764575925075
118937,1,0.3754958033319096,0.6245041966680904
118939,0,0.006026105911393813,0.006026105911393853
118957,0,0.04829588829925011,0.048295888299250134
118971,0,0.08839449003405606,0.08839449003405608
118985,0,0.042640205401303005,0.04264020540130298
118990,0,0.03089818293254218,0.030898182932542206
118994,0,0.029633606477447946,0.02963360647744795
119005,0,0.0006525405903031565,0.0006525405903031745
119017,1,0.2517340964218357,0.7482659035781642
119031,0,0.20520929283840073,0.20520929283840073
119058,0,0.20502580955557942,0.20502580955557947
119061,0,0.038664413497249216,0.03866441349724925
119078,0,0.05743771300744213,0.05743771300744216
119081,0,0.007127767320188577,0.007127767320188605
119085,0,0.001285240294642794,0.001285240294642831
119086,0,0.0002462396293677788,0.00024623962936776156
119096,0,0.002386451339404797,0.002386451339404849
119124,0,0.013225704440886641,0.013225704440886665
119127,0,0.031046622283391202,0.031046622283391168
119130,0,0.04760539015704993,0.0476053901570499
119150,0,0.012157330401222216,0.012157330401222244
119181,0,0.08694656193074274,0.0869465619307428
119183,0,0.0005429498678664501,0.0005429498678664046
119184,0,0.006728501357420658,0.0067285013574206465
119191,0,0.03829193189790074,0.0382919318979007
119196,0,0.029790708259787562,0.02979070825978758
119220,0,0.03467462834943429,0.034674628349434244
119243,0,0.08864551460611163,0.08864551460611159
119252,0,0.06864435626001641,0.06864435626001641
119293,0,0.0915034142595521,0.09150341425955211
119298,0,0.08602568675113421,0.0860256867511342
119316,0,0.037929760028254926,0.03792976002825488
119325,0,0.43386946861140835,0.4338694686114084
119334,0,0.00041473933073158363,0.00041473933073155056
119337,0,0.17747900861819896,0.17747900861819899
119355,0,0.03289644017436991,0.03289644017436988
119360,0,0.11951430049440787,0.11951430049440792
119376,0,0.0227345655607257,0.022734565560725728
119397,0,0.0034362815341252,0.0034362815341252295
119423,0,0.07602711573992267,0.07602711573992271
119427,0,0.08523766759967054,0.08523766759967055
119433,0,0.06773814743072436,0.06773814743072437
119451,0,0.15258491140573002,0.15258491140573005
119462,1,0.12762068770360216,0.8723793122963979
119483,0,0.0328077736101038,0.032807773610103785
119484,0,0.004414069788004778,0.0044140697880047375
119492,0,0.03398259885144922,0.033982598851449275
119511,0,0.014325455817550865,0.014325455817550847
119532,0,0.05667687001911764,0.05667687001911759
119540,0,0.058705477489147125,0.05870547748914712
119562,0,0.13165803917618776,0.1316580391761878
119563,0,0.06343901064976598,0.06343901064976598
119588,0,0.034114903798297284,0.03411490379829729
119589,0,0.0008220691780117933,0.0008220691780117528
119600,0,0.00505403577284364,0.00505403577284369
119630,0,0.007815256782891725,0.007815256782891744
119645,1,0.11908739197940893,0.8809126080205911
119646,0,0.011875577004029836,0.011875577004029858
119670,0,0.07853638009993985,0.0785363800999399
119675,0,0.30504641451001185,0.3050464145100118
119680,0,0.0516407228189494,0.05164072281894938
119698,0,0.00026012943124001587,0.000260129431239986
119700,0,0.003616954716879652,0.0036169547168796168
119707,1,0.15541546076026386,0.8445845392397362
119751,0,0.0752462073814096,0.07524620738140964
119766,0,0.041468612479285544,0.04146861247928557
119787,0,0.046179294899321204,0.046179294899321155
119806,0,0.18148934855552734,0.18148934855552734
119830,0,0.0010873634758130754,0.0010873634758130635
119831,0,0.0003787209928596682,0.0003787209928596269
119846,0,0.14035788563375567,0.14035788563375573
119854,0,0.00581701605840687,0.005817016058406899
119864,0,0.07131961436537766,0.0713196143653777
119870,0,0.5555989590832145,0.5555989590832145
119905,0,0.332693492437661,0.332693492437661
119907,0,0.004550275603276032,0.004550275603276033
119927,0,0.0016718696596226474,0.0016718696596226268
119929,0,0.00029042015620996527,0.0002904201562099473
119942,1,0.07116137561299458,0.9288386243870054
119948,0,0.06117936177819575,0.06117936177819572
119965,0,0.003479069815576169,0.003479069815576219
119982,0,0.015150818266250334,0.01515081826625031
120004,0,0.16096345407277032,0.16096345407277035
120005,0,0.07710835430444794,0.07710835430444796
120011,0,0.03295017077054282,0.03295017077054285
120020,0,0.0006625944666177554,0.0006625944666177608
120025,0,0.0009011063065946392,0.0009011063065946789
120068,0,0.0014585714132217672,0.0014585714132218097
120080,0,0.22230270686332107,0.2223027068633211
120082,0,0.019190547982361895,0.01919054798236186
120089,0,0.04539355407137968,0.04539355407137968
120097,0,0.04518721254466638,0.0451872125446664
120103,0,0.12336085611105382,0.12336085611105385
120104,0,0.005029671563113764,0.005029671563113736
120124,0,0.019221743235961958,0.01922174323596193
120136,0,0.04732571809772549,0.047325718097725455
120147,0,0.006684720120867049,0.0066847201208670715
120149,0,0.010157414113319855,0.01015741411331983
120169,1,0.5626345052906747,0.4373654947093253
120193,0,0.06126187733422196,0.06126187733422195
120194,0,0.00313587056648351,0.0031358705664834563
120203,0,0.005598203180743418,0.005598203180743444
120209,0,0.07600747896175808,0.07600747896175808
120229,0,0.01896500476664573,0.018965004766645754
120268,0,0.09897774428369253,0.09897774428369255
120273,0,0.04328361187869088,0.0432836118786909
120287,0,0.04824732080607651,0.04824732080607652
120319,0,0.007560355576649284,0.007560355576649247
120353,0,0.03205979377374727,0.032059793773747236
120361,0,0.013111500145891002,0.01311150014589102
120368,0,0.03723027463977035,0.037230274639770355
120393,0,0.02727822499543278,0.027278224995432754
120398,0,0.2511959232033612,0.25119592320336115
120410,0,0.002966618553662767,0.0029666185536627587
120411,1,0.40535081088766106,0.5946491891123389
120427,0,0.001291052660761845,0.0012910526607617934
120432,0,0.030317280347317312,0.030317280347317288
120443,0,0.016868284267607843,0.01686828426760789
120447,0,0.015780313310247828,0.015780313310247873
120460,0,0.02411016268035541,0.024110162680355374
120471,0,0.009668198968906978,0.009668198968907027
120476,0,0.05127783610122274,0.05127783610122272
120485,0,0.017529459627521244,0.017529459627521282
120512,0,0.0013577563531900739,0.0013577563531900205
120529,0,0.001105215318889108,0.0011052153188890745
120531,0,0.060860593172638866,0.06086059317263892
120541,0,0.009807506398103209,0.009807506398103238
120561,0,0.01766098529680667,0.017660985296806708
120591,0,0.08740359833669437,0.08740359833669431
120596,0,0.0004224902678351824,0.00042249026783514054
120598,0,0.09042058385675786,0.09042058385675789
120635,0,0.009489678550191824,0.009489678550191782
120641,0,0.020328273493552665,0.020328273493552707
120677,0,0.08723826102655739,0.0872382610265574
120678,0,0.029016789827020422,0.029016789827020384
120683,0,0.027601406208647237,0.02760140620864726
120691,0,0.006857737616920097,0.006857737616920101
120700,1,0.195004842465287,0.804995157534713
120709,0,0.16036569239218054,0.16036569239218057
120748,0,0.21793558114756256,0.2179355811475625
120749,0,0.022142884570837514,0.022142884570837462
120754,0,0.08165025766537257,0.0816502576653726
120774,0,0.0843993341047911,0.08439933410479106
120792,0,0.10248803290086587,0.10248803290086583
120793,0,0.12949494394594793,0.12949494394594796
120802,0,0.024585802075466547,0.024585802075466567
120881,0,0.04038115211482326,0.04038115211482329
120888,1,0.20423671122077183,0.7957632887792282
120897,0,0.03076823337316116,0.030768233373161147
120899,0,0.059072011807091096,0.059072011807091096
120908,0,0.0006573251077496617,0.0006573251077496289
120911,0,0.4836482076864141,0.48364820768641414
120948,0,0.23695759659095683,0.23695759659095683
120956,0,0.00579628643020166,0.005796286430201691
120971,0,0.05682152926119661,0.05682152926119666
120983,0,0.02656402161841317,0.026564021618413203
120984,0,0.06979975275018285,0.0697997527501828
120994,0,0.23692143473181498,0.23692143473181493
120995,0,0.17739489256762747,0.17739489256762742
121077,0,0.04892174236245203,0.04892174236245206
121081,0,0.017281955443878682,0.01728195544387867
121082,0,0.00469531683033456,0.004695316830334528
121126,0,0.004066368328966316,0.004066368328966341
121142,0,0.05363748384573845,0.05363748384573841
121154,0,0.0183855196201661,0.018385519620166102
121162,0,0.0019217187405149545,0.0019217187405149438
121169,0,0.008371350987801139,0.008371350987801174
121174,0,0.09658584934249657,0.09658584934249659
121192,0,0.002632153048165155,0.002632153048165109
121203,0,0.01859214571075896,0.018592145710758956
121211,1,0.3110282195265431,0.688971780473457
121213,0,0.0012598508115102887,0.0012598508115102547
121240,0,0.03092910555408409,0.030929105554084124
121242,0,0.0122808888224282,0.012280888822428171
121245,0,0.0076215063621661566,0.007621506362166186
121260,0,0.015301043145941662,0.015301043145941717
121261,0,0.012478862446527742,0.012478862446527739
121272,1,0.11862995285901956,0.8813700471409804
121291,0,0.15117584220977348,0.15117584220977354
121304,0,0.03501089623884838,0.035010896238848344
121317,0,0.138810273172006,0.138810273172006
121341,0,0.16363128188336187,0.16363128188336185
121349,0,0.1045511917464297,0.10455119174642968
121351,0,0.010550146717285646,0.010550146717285602
121358,0,0.35961861935266304,0.35961861935266304
121367,0,0.24144474873447705,0.24144474873447708
121382,0,0.020309150605543887,0.020309150605543835
121414,0,0.041431212463883094,0.04143121246388315
121468,0,0.16995355082507563,0.16995355082507557
121475,0,0.0053713118026683625,0.005371311802668366
121488,0,0.002900851037929011,0.002900851037929031
121505,0,0.04232546353129203,0.042325463531292074
121521,0,0.002343534201970179,0.002343534201970199
121571,0,0.011281769684677269,0.011281769684677312
121578,0,0.05003556852954571,0.050035568529545715
121580,0,0.07178298486272622,0.07178298486272627
121581,0,0.004739947369514808,0.004739947369514774
121587,0,0.0034573563717180712,0.0034573563717180678
121618,0,0.06442738520544593,0.06442738520544589
121635,0,0.01968888602635437,0.019688886026354324
121649,0,0.22473402951523716,0.22473402951523713
121670,1,0.28844724594035626,0.7115527540596438
121696,0,0.049005059429643893,0.04900505942964384
121719,1,0.4268124934336625,0.5731875065663374
121747,0,0.014163248010822974,0.014163248010823026
121758,0,0.01303876735526399,0.013038767355263992
121778,0,0.00336734814450333,0.003367348144503346
121783,0,0.0923945784889236,0.09239457848892363
121785,0,0.31328995820932515,0.31328995820932515
121812,0,0.06983935011275855,0.06983935011275855
121814,0,0.16767791734204907,0.16767791734204907
121818,0,0.030199050766475072,0.03019905076647511
121846,1,0.2438184033053138,0.7561815966946862
121917,0,0.033608305587545066,0.03360830558754502
121923,0,0.0915288514683387,0.09152885146833867
121975,1,0.03169637821097032,0.9683036217890297
122004,0,0.06732745902455933,0.06732745902455939
122047,0,0.10741248324838203,0.10741248324838204
122095,0,0.0009651536583789561,0.0009651536583789033
122111,0,0.012423757667496734,0.012423757667496704
122121,1,0.12634417313431354,0.8736558268656864
122136,0,0.025000023573382067,0.025000023573382046
122152,0,0.0010244223450209815,0.001024422345020981
122158,0,0.0013978438823637064,0.0013978438823637473
122159,0,0.26337012384058656,0.26337012384058656
122199,0,0.08679107884184266,0.08679107884184267
122210,0,0.0009649158356471387,0.0009649158356471732
122215,0,0.011576818648296851,0.01157681864829685
122237,0,0.05791166463795708,0.05791166463795705
122264,0,0.0031322182366003057,0.0031322182366002593
122269,0,0.06313635093364099,0.063136350933641
122283,0,0.022984327988162603,0.022984327988162634
122291,1,0.035508783696510206,0.9644912163034898
122295,0,0.17789678857630217,0.1778967885763022
122302,0,0.0010058240469482966,0.001005824046948267
122310,1,0.019328178748008618,0.9806718212519914
122314,0,0.012953805563298226,0.012953805563298282
122322,1,0.6210551144288176,0.37894488557118244
122356,0,0.0007849489834328836,0.0007849489834328427
122360,0,0.0037619526761498686,0.003761952676149871
122363,0,0.024610554803774727,0.02461055480377472
122375,0,0.01621828694966311,0.016218286949663097
122389,1,0.013592859983446746,0.9864071400165533
122392,0,0.04333133251063228,0.04333133251063226
122396,0,0.20052773433501322,0.20052773433501325
122404,0,0.005577079004604956,0.005577079004604912
122419,0,0.037728714322278506,0.037728714322278534
122459,0,0.003998037842852445,0.003998037842852464
122474,0,0.06950101819233202,0.06950101819233201
122487,0,0.0041289666271826135,0.004128966627182651
122503,0,0.002318335529119445,0.0023183355291194196
122512,0,0.0006020976927809632,0.0006020976927809674
122513,0,0.05366774139087129,0.05366774139087127
122520,0,0.05477069554834471,0.05477069554834468
122526,0,0.008880211577253223,0.008880211577253272
122536,0,0.07507863540623583,0.07507863540623583
122537,1,0.09497249213470153,0.9050275078652985
122555,0,0.026171171783938182,0.02617117178393813
122585,0,0.23417614353640845,0.23417614353640848
122586,1,0.01920434355984427,0.9807956564401558
122651,0,0.06837316001700398,0.068373160017004
122652,0,0.025880368057179744,0.025880368057179748
122654,0,0.15835454434571059,0.1583545443457106
122662,0,0.005145675475606778,0.005145675475606737
122670,1,0.12438643977471145,0.8756135602252886
122694,1,0.11604366258413093,0.8839563374158691
122709,0,0.024684691826847398,0.024684691826847405
122732,0,0.04314098095251563,0.04314098095251562
122742,1,0.24707906290220333,0.7529209370977967
122753,0,0.7350041746461184,0.7350041746461184
122769,0,0.07227675474319303,0.07227675474319306
122791,0,0.13813443334850672,0.13813443334850672
122800,0,0.0026784652161482947,0.00267846521614834
122867,0,0.0009601439064875284,0.0009601439064875761
122874,0,0.00014151086314565078,0.0001415108631456219
122881,1,0.057129076987522814,0.9428709230124772
122913,0,0.16447960875375087,0.1644796087537509
122928,0,0.023559807610586046,0.02355980761058607
122933,1,0.04175542494442757,0.9582445750555725
122955,0,0.011154821479739297,0.01115482147973934
122970,0,0.12076734014259463,0.1207673401425946
122972,0,0.051635440877083445,0.051635440877083494
122987,0,0.0023650363140270223,0.002365036314027069
123011,0,0.15310855404855672,0.15310855404855672
123024,0,0.44492280416504126,0.44492280416504126
123026,0,0.07428284848724064,0.07428284848724065
123033,0,0.037218875765788015,0.03721887576578797
123042,0,0.03064377547013864,0.030643775470138634
123054,0,0.020697978912999775,0.020697978912999737
123064,1,0.0587097042297157,0.9412902957702843
123091,0,0.080586436631567,0.08058643663156695
123103,0,0.1902344235966333,0.19023442359663334
123109,0,0.11754747800163443,0.11754747800163445
123153,0,0.016180129872205674,0.01618012987220563
123167,0,0.005679801279208859,0.005679801279208863
123175,0,0.027694097001364968,0.027694097001364937
123183,0,0.06912370780230483,0.06912370780230481
123203,0,0.01132216822388959,0.01132216822388954
123231,1,0.2124813876816554,0.7875186123183446
123245,0,0.015858604016461077,0.01585860401646111
123260,0,0.017879844343997715,0.017879844343997697
123271,0,0.14832497104187164,0.1483249710418717
123275,0,0.07910373155792112,0.07910373155792116
123279,0,0.05347001200406978,0.053470012004069756
123282,0,0.051566222161236464,0.05156622216123652
123298,0,0.15812915645609943,0.15812915645609937
123304,0,0.011506787964877719,0.011506787964877696
123323,0,0.1425353221319265,0.14253532213192655
123332,0,0.12356752224273763,0.12356752224273759
123353,0,0.019179536900137576,0.019179536900137628
123362,0,0.02948715456563838,0.02948715456563833
123364,0,0.004897112255695254,0.004897112255695224
123375,0,0.026862805339337804,0.026862805339337825
123400,0,0.37888480768574895,0.37888480768574895
123405,0,0.06686721952484778,0.06686721952484775
123427,0,0.18484086061069518,0.18484086061069516
123434,0,0.025857574832753596,0.025857574832753638
123436,0,0.04169407292615241,0.04169407292615246
123438,0,0.001571003596889548,0.001571003596889553
123460,0,0.0021752047673005924,0.002175204767300598
123488,1,0.44132376653326233,0.5586762334667377
123490,0,0.16212586998781614,0.16212586998781608
123494,0,0.03043589713100478,0.030435897131004808
123498,0,0.0027855282099799204,0.002785528209979904
123513,0,0.1901491148187504,0.1901491148187504
123519,0,0.03594463659378005,0.03594463659378
123521,0,0.016430999006563897,0.016430999006563862
123525,0,0.005984522583161534,0.005984522583161511
123534,0,0.00016954794296345237,0.00016954794296342168
123535,0,0.1999786069032017,0.19997860690320168
123549,1,0.046719295890689766,0.9532807041093102
123580,0,0.0016632002698438494,0.0016632002698439008
123593,0,0.05498296911331157,0.054982969113311575
123627,0,0.0763075609616267,0.07630756096162672
123648,1,0.04454129832967946,0.9554587016703205
123656,0,0.1343956746777102,0.1343956746777102
123675,0,0.006592580753311149,0.00659258075331115
123706,0,0.00015797891079200065,0.00015797891079205595
123709,0,0.014800101037708562,0.014800101037708568
123766,0,0.10364475149970054,0.10364475149970054
123769,0,0.005643715874744631,0.005643715874744659
123773,0,0.0028037382208762696,0.0028037382208763173
123774,0,0.008339316248068678,0.008339316248068718
123799,0,0.05882715918821211,0.05882715918821213
123825,0,0.002544410966218963,0.002544410966218935
123827,1,0.6494839234636096,0.3505160765363904
123842,0,0.1147536650664848,0.11475366506648477
123847,0,0.06371910578700725,0.06371910578700724
123854,1,0.6421754434099305,0.3578245565900695
123873,0,0.00027421106724787156,0.0002742110672478981
123876,0,0.03373199128690839,0.0337319912869084
123951,0,0.011685033609535012,0.01168503360953499
123966,0,0.019396556220206813,0.019396556220206862
123975,1,0.2197192842555016,0.7802807157444984
123984,0,0.03067782828240641,0.030677828282406394
124010,0,0.02480258469020636,0.024802584690206353
124015,0,0.02548729328289306,0.02548729328289301
124052,0,0.0010980915432135753,0.0010980915432136085
124102,1,0.06431101914409336,0.9356889808559067
124111,0,0.005244322825918433,0.005244322825918468
124157,0,0.08117449080069665,0.08117449080069661
124158,0,0.1470430893243979,0.1470430893243979
124174,0,0.09404661412633834,0.0940466141263383
124180,0,0.005039131913307374,0.005039131913307404
124218,0,0.06208387380202912,0.062083873802029066
124223,0,0.05995051568010155,0.05995051568010157
124271,0,0.011501746579835728,0.011501746579835714
124276,1,0.7444594451528246,0.2555405548471754
124281,0,0.009709009592528137,0.009709009592528184
124290,0,0.04293350562914997,0.04293350562914999
124297,0,0.006469947737568607,0.006469947737568593
124314,0,0.0035299575303380016,0.0035299575303380237
124334,0,0.030694270673871305,0.030694270673871316
124365,0,0.5300356644528441,0.5300356644528441
124376,0,0.000659910259129187,0.0006599102591291484
124383,1,0.08245847285149964,0.9175415271485003
124401,0,0.0050080910217623524,0.005008091021762362
124406,0,0.0015596553497424493,0.0015596553497424503
124422,1,0.18104787090476998,0.81895212909523
124452,0,0.11021436848925405,0.11021436848925403
124463,0,0.0040293409120496166,0.00402934091204965
124471,0,0.07253258552766373,0.07253258552766373
124507,0,0.035977445106137464,0.03597744510613743
124517,1,0.18013631357574617,0.8198636864242539
124529,0,0.012460612926976245,0.0124606129269762
124567,0,0.011291717107455216,0.011291717107455246
124582,0,0.008471902741671295,0.008471902741671311
124596,0,0.06625085272505274,0.06625085272505271
124616,0,0.11124423522992843,0.11124423522992843
124632,0,0.0060947506000228815,0.006094750600022847
124637,0,0.02385929240833593,0.023859292408335953
124638,0,0.03594172465182224,0.035941724651822216
124662,0,0.10911956735196554,0.1091195673519656
124735,0,0.047194680991276584,0.04719468099127655
124779,0,0.00620462124566593,0.006204621245665898
124798,0,0.02081965436611463,0.02081965436611466
124810,0,0.17527074831686495,0.17527074831686495
