model,dimension,category,reference_category,n,positive_n,negative_n,precision_tier,roc_auc,sensitivity,specificity,fnr,fpr,threshold
logistic,sex,Male,,1047,129,918,primary-feasibility candidate,0.7854874938778267,0.7441860465116279,0.7091503267973857,0.2558139534883721,0.29084967320261434,0.5321354000674892
logistic,sex,Female,,1099,89,1010,exploratory candidate,0.8670819890977862,0.7303370786516854,0.8297029702970297,0.2696629213483146,0.17029702970297034,0.5321354000674892
logistic,race_ethnicity,Non-Hispanic White,,751,75,676,exploratory candidate,0.8515581854043393,0.8,0.7455621301775148,0.19999999999999996,0.2544378698224852,0.5321354000674892
logistic,race_ethnicity,Other Race / Multi-Racial,,113,12,101,limited precision,0.8325082508250825,0.6666666666666666,0.8118811881188119,0.33333333333333337,0.18811881188118806,0.5321354000674892
logistic,race_ethnicity,Mexican American,,249,33,216,exploratory candidate,0.8424523007856342,0.7878787878787878,0.7638888888888888,0.21212121212121215,0.23611111111111116,0.5321354000674892
logistic,race_ethnicity,Non-Hispanic Asian,,241,16,225,limited precision,0.7658333333333334,0.4375,0.92,0.5625,0.07999999999999996,0.5321354000674892
logistic,race_ethnicity,Non-Hispanic Black,,550,55,495,exploratory candidate,0.7958861340679522,0.6909090909090909,0.7696969696969697,0.3090909090909091,0.23030303030303034,0.5321354000674892
logistic,race_ethnicity,Other Hispanic,,242,27,215,limited precision,0.8153316106804479,0.8148148148148148,0.6976744186046512,0.18518518518518523,0.3023255813953488,0.5321354000674892
logistic,age,40-59,40-59,665,74,591,exploratory candidate,0.8455206475511045,0.7837837837837838,0.7681895093062606,0.21621621621621623,0.23181049069373938,0.5321354000674892
logistic,age,18-39,40-59,740,38,702,exploratory candidate,0.8102414155045735,0.6578947368421053,0.9188034188034188,0.3421052631578947,0.08119658119658124,0.5321354000674892
logistic,age,60+,40-59,741,106,635,primary-feasibility candidate,0.750349130886941,0.7358490566037735,0.6141732283464567,0.26415094339622647,0.3858267716535433,0.5321354000674892
logistic,bmi,Overweight,Normal,673,40,633,exploratory candidate,0.8021327014218009,0.45,0.8751974723538705,0.55,0.12480252764612954,0.5321354000674892
logistic,bmi,Normal,Normal,562,27,535,limited precision,0.7435790931118034,0.37037037037037035,0.9663551401869159,0.6296296296296297,0.03364485981308407,0.5321354000674892
logistic,bmi,Obese,Normal,883,150,733,primary-feasibility candidate,0.7985266030013642,0.8866666666666667,0.5347885402455662,0.11333333333333329,0.4652114597544338,0.5321354000674892
logistic,bmi,Underweight,Normal,28,1,27,insufficient evidence,0.33333333333333337,0.0,0.9629629629629629,1.0,0.03703703703703709,0.5321354000674892
logistic,bmi_age,Underweight x 18-39,descriptive intersectional cell,18,1,17,insufficient evidence,0.5294117647058824,0.0,0.9411764705882353,1.0,0.058823529411764705,0.5321354000674892
logistic,bmi_age,Underweight x 40-59,descriptive intersectional cell,5,0,5,insufficient evidence,,,1.0,,0.0,0.5321354000674892
logistic,bmi_age,Underweight x 60+,descriptive intersectional cell,5,0,5,insufficient evidence,,,1.0,,0.0,0.5321354000674892
logistic,bmi_age,Normal x 18-39,descriptive intersectional cell,248,6,242,insufficient evidence,0.53099173553719,0.0,0.9834710743801653,1.0,0.01652892561983471,0.5321354000674892
logistic,bmi_age,Normal x 40-59,descriptive intersectional cell,134,9,125,insufficient evidence,0.832,0.4444444444444444,0.976,0.5555555555555556,0.024,0.5321354000674892
logistic,bmi_age,Normal x 60+,descriptive intersectional cell,180,12,168,limited precision,0.7371031746031745,0.5,0.9345238095238095,0.5,0.06547619047619048,0.5321354000674892
logistic,bmi_age,Overweight x 18-39,descriptive intersectional cell,204,1,203,insufficient evidence,1.0,1.0,0.9655172413793104,0.0,0.034482758620689655,0.5321354000674892
logistic,bmi_age,Overweight x 40-59,descriptive intersectional cell,207,9,198,insufficient evidence,0.7671156004489339,0.4444444444444444,0.9292929292929293,0.5555555555555556,0.0707070707070707,0.5321354000674892
logistic,bmi_age,Overweight x 60+,descriptive intersectional cell,262,30,232,exploratory candidate,0.6577586206896552,0.43333333333333335,0.75,0.5666666666666667,0.25,0.5321354000674892
logistic,bmi_age,Obese x 18-39,descriptive intersectional cell,270,30,240,exploratory candidate,0.8540277777777778,0.8,0.8125,0.19999999999999996,0.1875,0.5321354000674892
logistic,bmi_age,Obese x 40-59,descriptive intersectional cell,319,56,263,exploratory candidate,0.8087995654535579,0.8928571428571429,0.5437262357414449,0.1071428571428571,0.45627376425855515,0.5321354000674892
logistic,bmi_age,Obese x 60+,descriptive intersectional cell,294,64,230,exploratory candidate,0.7215353260869565,0.921875,0.23478260869565218,0.078125,0.7652173913043478,0.5321354000674892
random_forest,sex,Male,,1047,129,918,primary-feasibility candidate,0.80171758625931,0.8372093023255814,0.5816993464052288,0.16279069767441856,0.4183006535947712,0.35901050955097624
random_forest,sex,Female,,1099,89,1010,exploratory candidate,0.8548225609077761,0.8651685393258427,0.6811881188118812,0.1348314606741573,0.31881188118811876,0.35901050955097624
random_forest,race_ethnicity,Non-Hispanic White,,751,75,676,exploratory candidate,0.8542603550295857,0.9066666666666666,0.6109467455621301,0.09333333333333338,0.38905325443786987,0.35901050955097624
random_forest,race_ethnicity,Other Race / Multi-Racial,,113,12,101,limited precision,0.8143564356435644,0.75,0.6732673267326733,0.25,0.3267326732673267,0.35901050955097624
random_forest,race_ethnicity,Mexican American,,249,33,216,exploratory candidate,0.8331930415263749,0.8484848484848485,0.6342592592592593,0.1515151515151515,0.3657407407407407,0.35901050955097624
random_forest,race_ethnicity,Non-Hispanic Asian,,241,16,225,limited precision,0.7825,0.625,0.7822222222222223,0.375,0.21777777777777774,0.35901050955097624
random_forest,race_ethnicity,Non-Hispanic Black,,550,55,495,exploratory candidate,0.8239853076216712,0.8545454545454545,0.6161616161616161,0.1454545454545455,0.38383838383838387,0.35901050955097624
random_forest,race_ethnicity,Other Hispanic,,242,27,215,limited precision,0.7891472868217054,0.8518518518518519,0.5720930232558139,0.14814814814814814,0.4279069767441861,0.35901050955097624
random_forest,age,40-59,40-59,665,74,591,exploratory candidate,0.8510540997850643,0.8783783783783784,0.622673434856176,0.1216216216216216,0.377326565143824,0.35901050955097624
random_forest,age,18-39,40-59,740,38,702,exploratory candidate,0.8391812865497076,0.7631578947368421,0.8518518518518519,0.23684210526315785,0.14814814814814814,0.35901050955097624
random_forest,age,60+,40-59,741,106,635,primary-feasibility candidate,0.7444659040261478,0.8584905660377359,0.4031496062992126,0.14150943396226412,0.5968503937007874,0.35901050955097624
random_forest,bmi,Overweight,Normal,673,40,633,exploratory candidate,0.7992496050552922,0.625,0.7456556082148499,0.375,0.2543443917851501,0.35901050955097624
random_forest,bmi,Normal,Normal,562,27,535,limited precision,0.7743163724472135,0.5925925925925926,0.8205607476635514,0.40740740740740744,0.17943925233644864,0.35901050955097624
random_forest,bmi,Obese,Normal,883,150,733,primary-feasibility candidate,0.7931969076853115,0.96,0.39290586630286495,0.040000000000000036,0.607094133697135,0.35901050955097624
random_forest,bmi,Underweight,Normal,28,1,27,insufficient evidence,0.2962962962962963,0.0,0.8518518518518519,1.0,0.14814814814814814,0.35901050955097624
random_forest,bmi_age,Underweight x 18-39,descriptive intersectional cell,18,1,17,insufficient evidence,0.4117647058823529,0.0,0.9411764705882353,1.0,0.058823529411764705,0.35901050955097624
random_forest,bmi_age,Underweight x 40-59,descriptive intersectional cell,5,0,5,insufficient evidence,,,0.8,,0.2,0.35901050955097624
random_forest,bmi_age,Underweight x 60+,descriptive intersectional cell,5,0,5,insufficient evidence,,,0.6,,0.4,0.35901050955097624
random_forest,bmi_age,Normal x 18-39,descriptive intersectional cell,248,6,242,insufficient evidence,0.6432506887052342,0.16666666666666666,0.9669421487603306,0.8333333333333334,0.03305785123966942,0.35901050955097624
random_forest,bmi_age,Normal x 40-59,descriptive intersectional cell,134,9,125,insufficient evidence,0.8346666666666667,0.6666666666666666,0.88,0.33333333333333337,0.12,0.35901050955097624
random_forest,bmi_age,Normal x 60+,descriptive intersectional cell,180,12,168,limited precision,0.7628968253968254,0.75,0.5654761904761905,0.25,0.43452380952380953,0.35901050955097624
random_forest,bmi_age,Overweight x 18-39,descriptive intersectional cell,204,1,203,insufficient evidence,1.0,1.0,0.9458128078817734,0.0,0.054187192118226604,0.35901050955097624
random_forest,bmi_age,Overweight x 40-59,descriptive intersectional cell,207,9,198,insufficient evidence,0.8327721661054994,0.6666666666666666,0.7676767676767676,0.33333333333333337,0.23232323232323232,0.35901050955097624
random_forest,bmi_age,Overweight x 60+,descriptive intersectional cell,262,30,232,exploratory candidate,0.6527298850574712,0.6,0.5517241379310345,0.4,0.4482758620689655,0.35901050955097624
random_forest,bmi_age,Obese x 18-39,descriptive intersectional cell,270,30,240,exploratory candidate,0.834861111111111,0.9,0.65,0.09999999999999998,0.35,0.35901050955097624
random_forest,bmi_age,Obese x 40-59,descriptive intersectional cell,319,56,263,exploratory candidate,0.8042504073872895,0.9464285714285714,0.38783269961977185,0.0535714285714286,0.6121673003802282,0.35901050955097624
random_forest,bmi_age,Obese x 60+,descriptive intersectional cell,294,64,230,exploratory candidate,0.7228940217391304,1.0,0.13043478260869565,0.0,0.8695652173913043,0.35901050955097624
xgboost,sex,Male,,1047,129,918,primary-feasibility candidate,0.8005691510023475,0.7984496124031008,0.659041394335512,0.20155038759689925,0.340958605664488,0.4342503249645233
xgboost,sex,Female,,1099,89,1010,exploratory candidate,0.8566358883079319,0.8314606741573034,0.7475247524752475,0.1685393258426966,0.2524752475247525,0.4342503249645233
xgboost,race_ethnicity,Non-Hispanic White,,751,75,676,exploratory candidate,0.8569428007889546,0.88,0.6715976331360947,0.12,0.32840236686390534,0.4342503249645233
xgboost,race_ethnicity,Other Race / Multi-Racial,,113,12,101,limited precision,0.8102310231023102,0.75,0.7029702970297029,0.25,0.29702970297029707,0.4342503249645233
xgboost,race_ethnicity,Mexican American,,249,33,216,exploratory candidate,0.8242143658810326,0.8181818181818182,0.7083333333333334,0.18181818181818177,0.29166666666666663,0.4342503249645233
xgboost,race_ethnicity,Non-Hispanic Asian,,241,16,225,limited precision,0.7666666666666667,0.5,0.8622222222222222,0.5,0.13777777777777778,0.4342503249645233
xgboost,race_ethnicity,Non-Hispanic Black,,550,55,495,exploratory candidate,0.8266666666666667,0.8363636363636363,0.6909090909090909,0.1636363636363637,0.3090909090909091,0.4342503249645233
xgboost,race_ethnicity,Other Hispanic,,242,27,215,limited precision,0.7987941429801894,0.7777777777777778,0.6790697674418604,0.2222222222222222,0.32093023255813957,0.4342503249645233
xgboost,age,40-59,40-59,665,74,591,exploratory candidate,0.8539122879224402,0.8378378378378378,0.6988155668358714,0.16216216216216217,0.3011844331641286,0.4342503249645233
xgboost,age,18-39,40-59,740,38,702,exploratory candidate,0.8300719748088169,0.7631578947368421,0.8831908831908832,0.23684210526315785,0.11680911680911676,0.4342503249645233
xgboost,age,60+,40-59,741,106,635,primary-feasibility candidate,0.7470063883523994,0.8113207547169812,0.5149606299212598,0.18867924528301883,0.4850393700787402,0.4342503249645233
xgboost,bmi,Overweight,Normal,673,40,633,exploratory candidate,0.8109399684044233,0.55,0.8214849921011058,0.44999999999999996,0.17851500789889418,0.4342503249645233
xgboost,bmi,Normal,Normal,562,27,535,limited precision,0.7715472481827622,0.5185185185185185,0.9046728971962616,0.4814814814814815,0.09532710280373835,0.4342503249645233
xgboost,bmi,Obese,Normal,883,150,733,primary-feasibility candidate,0.7929786266484766,0.94,0.45566166439290584,0.06000000000000005,0.5443383356070941,0.4342503249645233
xgboost,bmi,Underweight,Normal,28,1,27,insufficient evidence,0.2222222222222222,0.0,0.8148148148148148,1.0,0.18518518518518523,0.4342503249645233
xgboost,bmi_age,Underweight x 18-39,descriptive intersectional cell,18,1,17,insufficient evidence,0.3529411764705882,0.0,0.9411764705882353,1.0,0.058823529411764705,0.4342503249645233
xgboost,bmi_age,Underweight x 40-59,descriptive intersectional cell,5,0,5,insufficient evidence,,,0.8,,0.2,0.4342503249645233
xgboost,bmi_age,Underweight x 60+,descriptive intersectional cell,5,0,5,insufficient evidence,,,0.4,,0.6,0.4342503249645233
xgboost,bmi_age,Normal x 18-39,descriptive intersectional cell,248,6,242,insufficient evidence,0.6411845730027548,0.16666666666666666,0.9834710743801653,0.8333333333333334,0.01652892561983471,0.4342503249645233
xgboost,bmi_age,Normal x 40-59,descriptive intersectional cell,134,9,125,insufficient evidence,0.8408888888888888,0.6666666666666666,0.92,0.33333333333333337,0.08,0.4342503249645233
xgboost,bmi_age,Normal x 60+,descriptive intersectional cell,180,12,168,limited precision,0.7633928571428571,0.5833333333333334,0.7797619047619048,0.41666666666666663,0.22023809523809523,0.4342503249645233
xgboost,bmi_age,Overweight x 18-39,descriptive intersectional cell,204,1,203,insufficient evidence,1.0,1.0,0.9605911330049262,0.0,0.03940886699507389,0.4342503249645233
xgboost,bmi_age,Overweight x 40-59,descriptive intersectional cell,207,9,198,insufficient evidence,0.8058361391694725,0.6666666666666666,0.8484848484848485,0.33333333333333337,0.15151515151515152,0.4342503249645233
xgboost,bmi_age,Overweight x 60+,descriptive intersectional cell,262,30,232,exploratory candidate,0.6647988505747127,0.5,0.6767241379310345,0.5,0.3232758620689655,0.4342503249645233
xgboost,bmi_age,Obese x 18-39,descriptive intersectional cell,270,30,240,exploratory candidate,0.8361111111111111,0.9,0.7125,0.09999999999999998,0.2875,0.4342503249645233
xgboost,bmi_age,Obese x 40-59,descriptive intersectional cell,319,56,263,exploratory candidate,0.8086637696903857,0.8928571428571429,0.4790874524714829,0.1071428571428571,0.5209125475285171,0.4342503249645233
xgboost,bmi_age,Obese x 60+,descriptive intersectional cell,294,64,230,exploratory candidate,0.729891304347826,1.0,0.1608695652173913,0.0,0.8391304347826087,0.4342503249645233
lightgbm,sex,Male,,1047,129,918,primary-feasibility candidate,0.8072317643681073,0.813953488372093,0.6677559912854031,0.18604651162790697,0.3322440087145969,0.46584146081103717
lightgbm,sex,Female,,1099,89,1010,exploratory candidate,0.8561742129269108,0.797752808988764,0.7554455445544555,0.202247191011236,0.24455445544554455,0.46584146081103717
lightgbm,race_ethnicity,Non-Hispanic White,,751,75,676,exploratory candidate,0.8641025641025641,0.84,0.6878698224852071,0.16000000000000003,0.3121301775147929,0.46584146081103717
lightgbm,race_ethnicity,Other Race / Multi-Racial,,113,12,101,limited precision,0.8283828382838283,0.8333333333333334,0.7227722772277227,0.16666666666666663,0.27722772277227725,0.46584146081103717
lightgbm,race_ethnicity,Mexican American,,249,33,216,exploratory candidate,0.8204264870931537,0.8181818181818182,0.6990740740740741,0.18181818181818177,0.30092592592592593,0.46584146081103717
lightgbm,race_ethnicity,Non-Hispanic Asian,,241,16,225,limited precision,0.7768055555555555,0.5625,0.8488888888888889,0.4375,0.15111111111111108,0.46584146081103717
lightgbm,race_ethnicity,Non-Hispanic Black,,550,55,495,exploratory candidate,0.8205693296602388,0.8181818181818182,0.7070707070707071,0.18181818181818177,0.29292929292929293,0.46584146081103717
lightgbm,race_ethnicity,Other Hispanic,,242,27,215,limited precision,0.8001722652885443,0.8148148148148148,0.6790697674418604,0.18518518518518523,0.32093023255813957,0.46584146081103717
lightgbm,age,40-59,40-59,665,74,591,exploratory candidate,0.8548726391365985,0.8513513513513513,0.7174280879864636,0.14864864864864868,0.2825719120135364,0.46584146081103717
lightgbm,age,18-39,40-59,740,38,702,exploratory candidate,0.8296221322537112,0.7631578947368421,0.8789173789173789,0.23684210526315785,0.12108262108262113,0.46584146081103717
lightgbm,age,60+,40-59,741,106,635,primary-feasibility candidate,0.7485589065517755,0.7924528301886793,0.5275590551181102,0.2075471698113207,0.4724409448818898,0.46584146081103717
lightgbm,bmi,Overweight,Normal,673,40,633,exploratory candidate,0.8201224328593997,0.6,0.8262243285939969,0.4,0.17377567140600314,0.46584146081103717
lightgbm,bmi,Normal,Normal,562,27,535,limited precision,0.7669435790931118,0.5185185185185185,0.9121495327102803,0.4814814814814815,0.08785046728971968,0.46584146081103717
lightgbm,bmi,Obese,Normal,883,150,733,primary-feasibility candidate,0.7954342883128693,0.92,0.46521145975443384,0.07999999999999996,0.5347885402455661,0.46584146081103717
lightgbm,bmi,Underweight,Normal,28,1,27,insufficient evidence,0.18518518518518523,0.0,0.8888888888888888,1.0,0.11111111111111116,0.46584146081103717
lightgbm,bmi_age,Underweight x 18-39,descriptive intersectional cell,18,1,17,insufficient evidence,0.2941176470588235,0.0,1.0,1.0,0.0,0.46584146081103717
lightgbm,bmi_age,Underweight x 40-59,descriptive intersectional cell,5,0,5,insufficient evidence,,,0.8,,0.2,0.46584146081103717
lightgbm,bmi_age,Underweight x 60+,descriptive intersectional cell,5,0,5,insufficient evidence,,,0.6,,0.4,0.46584146081103717
lightgbm,bmi_age,Normal x 18-39,descriptive intersectional cell,248,6,242,insufficient evidence,0.621900826446281,0.16666666666666666,0.9793388429752066,0.8333333333333334,0.02066115702479339,0.46584146081103717
lightgbm,bmi_age,Normal x 40-59,descriptive intersectional cell,134,9,125,insufficient evidence,0.8364444444444445,0.6666666666666666,0.952,0.33333333333333337,0.048,0.46584146081103717
lightgbm,bmi_age,Normal x 60+,descriptive intersectional cell,180,12,168,limited precision,0.7328869047619047,0.5833333333333334,0.7857142857142857,0.41666666666666663,0.21428571428571427,0.46584146081103717
lightgbm,bmi_age,Overweight x 18-39,descriptive intersectional cell,204,1,203,insufficient evidence,0.9852216748768473,1.0,0.9605911330049262,0.0,0.03940886699507389,0.46584146081103717
lightgbm,bmi_age,Overweight x 40-59,descriptive intersectional cell,207,9,198,insufficient evidence,0.792648709315376,0.6666666666666666,0.8686868686868687,0.33333333333333337,0.13131313131313133,0.46584146081103717
lightgbm,bmi_age,Overweight x 60+,descriptive intersectional cell,262,30,232,exploratory candidate,0.6846264367816092,0.5666666666666667,0.6724137931034483,0.43333333333333335,0.3275862068965517,0.46584146081103717
lightgbm,bmi_age,Obese x 18-39,descriptive intersectional cell,270,30,240,exploratory candidate,0.8329166666666666,0.9,0.7,0.09999999999999998,0.3,0.46584146081103717
lightgbm,bmi_age,Obese x 40-59,descriptive intersectional cell,319,56,263,exploratory candidate,0.8098180336773493,0.9107142857142857,0.49049429657794674,0.0892857142857143,0.5095057034220533,0.46584146081103717
lightgbm,bmi_age,Obese x 60+,descriptive intersectional cell,294,64,230,exploratory candidate,0.7327445652173914,0.9375,0.19130434782608696,0.0625,0.808695652173913,0.46584146081103717
mlp,sex,Male,,1047,129,918,primary-feasibility candidate,0.7733107024032697,0.7751937984496124,0.6361655773420479,0.22480620155038755,0.3638344226579521,0.10507239675854635
mlp,sex,Female,,1099,89,1010,exploratory candidate,0.8376793859161196,0.7865168539325843,0.7643564356435644,0.2134831460674157,0.23564356435643563,0.10507239675854635
mlp,race_ethnicity,Non-Hispanic White,,751,75,676,exploratory candidate,0.8294477317554242,0.84,0.6878698224852071,0.16000000000000003,0.3121301775147929,0.10507239675854635
mlp,race_ethnicity,Other Race / Multi-Racial,,113,12,101,limited precision,0.816006600660066,0.75,0.7128712871287128,0.25,0.28712871287128716,0.10507239675854635
mlp,race_ethnicity,Mexican American,,249,33,216,exploratory candidate,0.8442760942760943,0.8484848484848485,0.6574074074074074,0.1515151515151515,0.34259259259259256,0.10507239675854635
mlp,race_ethnicity,Non-Hispanic Asian,,241,16,225,limited precision,0.7505555555555556,0.625,0.84,0.375,0.16000000000000003,0.10507239675854635
mlp,race_ethnicity,Non-Hispanic Black,,550,55,495,exploratory candidate,0.7714233241505969,0.7090909090909091,0.705050505050505,0.2909090909090909,0.29494949494949496,0.10507239675854635
mlp,race_ethnicity,Other Hispanic,,242,27,215,limited precision,0.7919035314384152,0.7777777777777778,0.6465116279069767,0.2222222222222222,0.3534883720930233,0.10507239675854635
mlp,age,40-59,40-59,665,74,591,exploratory candidate,0.8343394155576896,0.8378378378378378,0.6632825719120136,0.16216216216216217,0.33671742808798644,0.10507239675854635
mlp,age,18-39,40-59,740,38,702,exploratory candidate,0.8047308442045285,0.7105263157894737,0.886039886039886,0.2894736842105263,0.11396011396011396,0.10507239675854635
mlp,age,60+,40-59,741,106,635,primary-feasibility candidate,0.7247065814886348,0.7641509433962265,0.5385826771653544,0.23584905660377353,0.46141732283464565,0.10507239675854635
mlp,bmi,Overweight,Normal,673,40,633,exploratory candidate,0.7533965244865719,0.55,0.7977883096366508,0.44999999999999996,0.20221169036334918,0.10507239675854635
mlp,bmi,Normal,Normal,562,27,535,limited precision,0.7214260989961924,0.37037037037037035,0.9514018691588785,0.6296296296296297,0.04859813084112152,0.10507239675854635
mlp,bmi,Obese,Normal,883,150,733,primary-feasibility candidate,0.7761800818553889,0.92,0.4311050477489768,0.07999999999999996,0.5688949522510232,0.10507239675854635
mlp,bmi,Underweight,Normal,28,1,27,insufficient evidence,0.40740740740740744,0.0,0.9629629629629629,1.0,0.03703703703703709,0.10507239675854635
mlp,bmi_age,Underweight x 18-39,descriptive intersectional cell,18,1,17,insufficient evidence,0.5882352941176471,0.0,1.0,1.0,0.0,0.10507239675854635
mlp,bmi_age,Underweight x 40-59,descriptive intersectional cell,5,0,5,insufficient evidence,,,1.0,,0.0,0.10507239675854635
mlp,bmi_age,Underweight x 60+,descriptive intersectional cell,5,0,5,insufficient evidence,,,0.8,,0.2,0.10507239675854635
mlp,bmi_age,Normal x 18-39,descriptive intersectional cell,248,6,242,insufficient evidence,0.47107438016528924,0.0,0.9958677685950413,1.0,0.004132231404958678,0.10507239675854635
mlp,bmi_age,Normal x 40-59,descriptive intersectional cell,134,9,125,insufficient evidence,0.8284444444444443,0.4444444444444444,0.968,0.5555555555555556,0.032,0.10507239675854635
mlp,bmi_age,Normal x 60+,descriptive intersectional cell,180,12,168,limited precision,0.7356150793650793,0.5,0.875,0.5,0.125,0.10507239675854635
mlp,bmi_age,Overweight x 18-39,descriptive intersectional cell,204,1,203,insufficient evidence,1.0,1.0,0.9753694581280788,0.0,0.024630541871921183,0.10507239675854635
mlp,bmi_age,Overweight x 40-59,descriptive intersectional cell,207,9,198,insufficient evidence,0.7239057239057239,0.5555555555555556,0.8333333333333334,0.4444444444444444,0.16666666666666666,0.10507239675854635
mlp,bmi_age,Overweight x 60+,descriptive intersectional cell,262,30,232,exploratory candidate,0.6183908045977011,0.5333333333333333,0.6120689655172413,0.4666666666666667,0.3879310344827586,0.10507239675854635
mlp,bmi_age,Obese x 18-39,descriptive intersectional cell,270,30,240,exploratory candidate,0.8326388888888888,0.8666666666666667,0.6916666666666667,0.1333333333333333,0.30833333333333335,0.10507239675854635
mlp,bmi_age,Obese x 40-59,descriptive intersectional cell,319,56,263,exploratory candidate,0.8111759913090713,0.9464285714285714,0.3840304182509506,0.0535714285714286,0.6159695817490495,0.10507239675854635
mlp,bmi_age,Obese x 60+,descriptive intersectional cell,294,64,230,exploratory candidate,0.6692934782608696,0.921875,0.21304347826086956,0.078125,0.7869565217391304,0.10507239675854635
