generated,path,sha256,model,protocol_commit,commit_group,source_script
2026-08-19 10:37:11,documentation/calibration/phase4_calibration_data_flow.md,dfc2189682043727cd9bcee0fee8f8b80b346f6130bd17261a81a72b84288fc7,n/a (documentation),2436d9554647c65af43e7d8cc61cdfeed9fb9a6a,A (pre-test-set work),"manually authored, verified against live command output"
2026-08-19 10:37:11,documentation/calibration/phase4_pre_execution_snapshot.md,09590b96c201ac72325c6891966d2d539ed86273631eb4cf4785e1aed0d1ed68,n/a (documentation),2436d9554647c65af43e7d8cc61cdfeed9fb9a6a,A (pre-test-set work),"manually authored, verified against live command output"
2026-08-19 10:37:11,results/calibration/brier_scores.csv,29cea13a224334a0a154a4e594e1c7836755c4e5a33119029155d6dd388cd360,all_models,2436d9554647c65af43e7d8cc61cdfeed9fb9a6a,A (pre-test-set work),src/phase4_02_primary_metrics.py
2026-08-19 10:37:11,results/calibration/calibration_inference.csv,8dae520dc3e2e0ebeb87d500a96c3a9666e8e30c1d3398cc633a9ec051221000,all_models,2436d9554647c65af43e7d8cc61cdfeed9fb9a6a,A (pre-test-set work),src/phase4_04_inference.py
2026-08-19 10:37:11,results/calibration/curve_data/curve_data_all_models.csv,07dd1e8f00a1072f8d727bcf38f896f0a33a0b481b6df439c27731dac5ed30a4,all_models,2436d9554647c65af43e7d8cc61cdfeed9fb9a6a,A (pre-test-set work),src/phase4_03_curves_and_ece.py
2026-08-19 10:37:11,results/calibration/curve_data/curve_data_lightgbm.csv,dcbf6767f8cffc7f3fcf11c3a0ab6d1e9541dacec5c827ddeebcd105bd12b20e,lightgbm,2436d9554647c65af43e7d8cc61cdfeed9fb9a6a,A (pre-test-set work),src/phase4_03_curves_and_ece.py
2026-08-19 10:37:11,results/calibration/curve_data/curve_data_logistic.csv,59d7b14b6467e1d9e14fc86480b1b85097e9cd6f668ba6cc4377f3a76773a4fa,logistic,2436d9554647c65af43e7d8cc61cdfeed9fb9a6a,A (pre-test-set work),src/phase4_03_curves_and_ece.py
2026-08-19 10:37:11,results/calibration/curve_data/curve_data_mlp.csv,2ce51bfee8f9aa57e18ef511c72ce09d692db3db3859d46c244977d363c0918c,mlp,2436d9554647c65af43e7d8cc61cdfeed9fb9a6a,A (pre-test-set work),src/phase4_03_curves_and_ece.py
2026-08-19 10:37:11,results/calibration/curve_data/curve_data_mlp_balanced.csv,fc2a883b86d5d6eb829e5c1e3c8e9131f67cd68cc7fcb7b810a1a904708b0529,mlp_balanced,2436d9554647c65af43e7d8cc61cdfeed9fb9a6a,A (pre-test-set work),src/phase4_03_curves_and_ece.py
2026-08-19 10:37:11,results/calibration/curve_data/curve_data_random_forest.csv,11c21574e36d7deefa3cc6e814009ed79863603915ecd8fe30a3aa6c51dda423,random_forest,2436d9554647c65af43e7d8cc61cdfeed9fb9a6a,A (pre-test-set work),src/phase4_03_curves_and_ece.py
2026-08-19 10:37:11,results/calibration/curve_data/curve_data_xgboost.csv,2e00a62b58cc0929834b646d717bb74c0603a4c4715e8e2e5a0d27f53c2cedf7,xgboost,2436d9554647c65af43e7d8cc61cdfeed9fb9a6a,A (pre-test-set work),src/phase4_03_curves_and_ece.py
2026-08-19 10:37:11,results/calibration/ece_secondary_metric.csv,c28729d0ce4bba10e505c2af53b0bf620f82426959e1829117156cc46737c68a,all_models,2436d9554647c65af43e7d8cc61cdfeed9fb9a6a,A (pre-test-set work),src/phase4_03_curves_and_ece.py
2026-08-19 10:37:11,results/calibration/figures/calibration_curve_lightgbm.png,3f89ac562df291b3b2e7d17f0beba998370b18bec6cee630136ad30eb459b8a5,lightgbm,2436d9554647c65af43e7d8cc61cdfeed9fb9a6a,A (pre-test-set work),src/phase4_03_curves_and_ece.py
2026-08-19 10:37:11,results/calibration/figures/calibration_curve_logistic.png,3a52044676578f0e523bf5d512932ff0c16704b78d937d5ca2a1c77fcf736ff2,logistic,2436d9554647c65af43e7d8cc61cdfeed9fb9a6a,A (pre-test-set work),src/phase4_03_curves_and_ece.py
2026-08-19 10:37:11,results/calibration/figures/calibration_curve_mlp.png,2f9dc60ab4d84e41587c40334962ef456b35140864d6eaf5e429a357d3f41d68,mlp,2436d9554647c65af43e7d8cc61cdfeed9fb9a6a,A (pre-test-set work),src/phase4_03_curves_and_ece.py
2026-08-19 10:37:11,results/calibration/figures/calibration_curve_mlp_balanced.png,8fa50f82dddc10208a74fc0cfc76235a76ca2510df2bdf97697b36cb54e3f284,mlp_balanced,2436d9554647c65af43e7d8cc61cdfeed9fb9a6a,A (pre-test-set work),src/phase4_03_curves_and_ece.py
2026-08-19 10:37:11,results/calibration/figures/calibration_curve_random_forest.png,69260e13c84ec0075eba1dd231a4a293d9cc74a8f9d5a9c5a320f4b3512ba565,random_forest,2436d9554647c65af43e7d8cc61cdfeed9fb9a6a,A (pre-test-set work),src/phase4_03_curves_and_ece.py
2026-08-19 10:37:11,results/calibration/figures/calibration_curve_xgboost.png,660b7759d6e33edc5e17671beb098a53bb7faf174ca2dc97f1b66b27b48e2fcb,xgboost,2436d9554647c65af43e7d8cc61cdfeed9fb9a6a,A (pre-test-set work),src/phase4_03_curves_and_ece.py
2026-08-19 10:37:11,results/calibration/phase4_prediction_input_audit.csv,b673f3831c6049a2f2ebfd3b9a40a01b1cce19b6dd01a9f3edf720a148ca2607,all_models,2436d9554647c65af43e7d8cc61cdfeed9fb9a6a,A (pre-test-set work),src/phase4_01_prediction_input_audit.py
2026-08-19 10:37:11,results/calibration/phase4_test_set_protection_audit.md,c69047f5f7cba3e0967b1e4be57062d1755bf1839d9d0a02ead28b7cdc793fd1,all_models,2436d9554647c65af43e7d8cc61cdfeed9fb9a6a,A (pre-test-set work),"src/phase4_02_primary_metrics.py (audit doc authored manually, verified by all scripts' data-source discipline)"
2026-08-19 10:37:11,results/calibration/primary_metrics_by_model.csv,e8cd807c18485b1c3bce32db2450ea4ef2c978df1ceba6fb4d8d37058796352d,all_models,2436d9554647c65af43e7d8cc61cdfeed9fb9a6a,A (pre-test-set work),src/phase4_02_primary_metrics.py
2026-08-19 10:37:11,results/calibration/probability_distribution_diagnostics.csv,9f7af71600ce1fcc0cdff2a3ddeb61e468836a5f4c497e103fe7b6a590bdbac0,all_models,2436d9554647c65af43e7d8cc61cdfeed9fb9a6a,A (pre-test-set work),src/phase4_07_probability_diagnostics.py
2026-08-19 10:37:11,results/calibration/recalibrated_oof_predictions_lightgbm.csv,867b48a689eead4980fa32f7a3a3a33a65a676b81e76260c54ca7f7ed5f418a6,lightgbm,2436d9554647c65af43e7d8cc61cdfeed9fb9a6a,A (pre-test-set work),src/phase4_05_recalibration.py
2026-08-19 10:37:11,results/calibration/recalibrated_oof_predictions_logistic.csv,93dc4343c0aaa3a7b55dd3928b6f270361d09d8f2b13653753b2ca34064d84eb,logistic,2436d9554647c65af43e7d8cc61cdfeed9fb9a6a,A (pre-test-set work),src/phase4_05_recalibration.py
2026-08-19 10:37:11,results/calibration/recalibrated_oof_predictions_mlp.csv,a70952a46885b3e453faa219b1f62b6f2ab698c41b65683b71b80484424633c8,mlp,2436d9554647c65af43e7d8cc61cdfeed9fb9a6a,A (pre-test-set work),src/phase4_05_recalibration.py
2026-08-19 10:37:11,results/calibration/recalibrated_oof_predictions_random_forest.csv,06538b66027835647d2400896859b5d2adf7fb92cab9d4e1bedc98a38a41818c,random_forest,2436d9554647c65af43e7d8cc61cdfeed9fb9a6a,A (pre-test-set work),src/phase4_05_recalibration.py
2026-08-19 10:37:11,results/calibration/recalibrated_oof_predictions_xgboost.csv,c968a60cc2382a7e0195e9413fcedbc6de79b4fae7b3846660e6ef51693cbc07,xgboost,2436d9554647c65af43e7d8cc61cdfeed9fb9a6a,A (pre-test-set work),src/phase4_05_recalibration.py
2026-08-19 10:37:11,results/calibration/recalibration_pre_post_comparison.csv,b658c9000c2f2838c05e30ead1e4043359813b5f23bc09b9236102deecb5b255,all_models,2436d9554647c65af43e7d8cc61cdfeed9fb9a6a,A (pre-test-set work),src/phase4_05_recalibration.py
