SEQN,RIAGENDR,BMXBMI,cohort_a_broad_lab_status,cohort_a_plus_demo_bmi_status,differing_criterion,final_classification,explanation
109323,1.0,,INCLUDED (has all broad labs),EXCLUDED (missing demo and/or BMI),BMXBMI,Legitimate distinct-cohort membership difference (NOT a bug),Present in COHORT_A_BROAD_LAB (has all 7 broad labs) but absent from COHORT_A_PLUS_DEMO_BMI because BMXBMI is missing.
109376,1.0,,INCLUDED (has all broad labs),EXCLUDED (missing demo and/or BMI),BMXBMI,Legitimate distinct-cohort membership difference (NOT a bug),Present in COHORT_A_BROAD_LAB (has all 7 broad labs) but absent from COHORT_A_PLUS_DEMO_BMI because BMXBMI is missing.
109524,2.0,,INCLUDED (has all broad labs),EXCLUDED (missing demo and/or BMI),BMXBMI,Legitimate distinct-cohort membership difference (NOT a bug),Present in COHORT_A_BROAD_LAB (has all 7 broad labs) but absent from COHORT_A_PLUS_DEMO_BMI because BMXBMI is missing.
109937,1.0,,INCLUDED (has all broad labs),EXCLUDED (missing demo and/or BMI),BMXBMI,Legitimate distinct-cohort membership difference (NOT a bug),Present in COHORT_A_BROAD_LAB (has all 7 broad labs) but absent from COHORT_A_PLUS_DEMO_BMI because BMXBMI is missing.
110246,2.0,,INCLUDED (has all broad labs),EXCLUDED (missing demo and/or BMI),BMXBMI,Legitimate distinct-cohort membership difference (NOT a bug),Present in COHORT_A_BROAD_LAB (has all 7 broad labs) but absent from COHORT_A_PLUS_DEMO_BMI because BMXBMI is missing.
110463,1.0,,INCLUDED (has all broad labs),EXCLUDED (missing demo and/or BMI),BMXBMI,Legitimate distinct-cohort membership difference (NOT a bug),Present in COHORT_A_BROAD_LAB (has all 7 broad labs) but absent from COHORT_A_PLUS_DEMO_BMI because BMXBMI is missing.
110656,1.0,,INCLUDED (has all broad labs),EXCLUDED (missing demo and/or BMI),BMXBMI,Legitimate distinct-cohort membership difference (NOT a bug),Present in COHORT_A_BROAD_LAB (has all 7 broad labs) but absent from COHORT_A_PLUS_DEMO_BMI because BMXBMI is missing.
111267,1.0,,INCLUDED (has all broad labs),EXCLUDED (missing demo and/or BMI),BMXBMI,Legitimate distinct-cohort membership difference (NOT a bug),Present in COHORT_A_BROAD_LAB (has all 7 broad labs) but absent from COHORT_A_PLUS_DEMO_BMI because BMXBMI is missing.
111299,2.0,,INCLUDED (has all broad labs),EXCLUDED (missing demo and/or BMI),BMXBMI,Legitimate distinct-cohort membership difference (NOT a bug),Present in COHORT_A_BROAD_LAB (has all 7 broad labs) but absent from COHORT_A_PLUS_DEMO_BMI because BMXBMI is missing.
111367,2.0,,INCLUDED (has all broad labs),EXCLUDED (missing demo and/or BMI),BMXBMI,Legitimate distinct-cohort membership difference (NOT a bug),Present in COHORT_A_BROAD_LAB (has all 7 broad labs) but absent from COHORT_A_PLUS_DEMO_BMI because BMXBMI is missing.
111520,2.0,,INCLUDED (has all broad labs),EXCLUDED (missing demo and/or BMI),BMXBMI,Legitimate distinct-cohort membership difference (NOT a bug),Present in COHORT_A_BROAD_LAB (has all 7 broad labs) but absent from COHORT_A_PLUS_DEMO_BMI because BMXBMI is missing.
111949,1.0,,INCLUDED (has all broad labs),EXCLUDED (missing demo and/or BMI),BMXBMI,Legitimate distinct-cohort membership difference (NOT a bug),Present in COHORT_A_BROAD_LAB (has all 7 broad labs) but absent from COHORT_A_PLUS_DEMO_BMI because BMXBMI is missing.
111956,1.0,,INCLUDED (has all broad labs),EXCLUDED (missing demo and/or BMI),BMXBMI,Legitimate distinct-cohort membership difference (NOT a bug),Present in COHORT_A_BROAD_LAB (has all 7 broad labs) but absent from COHORT_A_PLUS_DEMO_BMI because BMXBMI is missing.
112281,2.0,,INCLUDED (has all broad labs),EXCLUDED (missing demo and/or BMI),BMXBMI,Legitimate distinct-cohort membership difference (NOT a bug),Present in COHORT_A_BROAD_LAB (has all 7 broad labs) but absent from COHORT_A_PLUS_DEMO_BMI because BMXBMI is missing.
112409,1.0,,INCLUDED (has all broad labs),EXCLUDED (missing demo and/or BMI),BMXBMI,Legitimate distinct-cohort membership difference (NOT a bug),Present in COHORT_A_BROAD_LAB (has all 7 broad labs) but absent from COHORT_A_PLUS_DEMO_BMI because BMXBMI is missing.
112482,1.0,,INCLUDED (has all broad labs),EXCLUDED (missing demo and/or BMI),BMXBMI,Legitimate distinct-cohort membership difference (NOT a bug),Present in COHORT_A_BROAD_LAB (has all 7 broad labs) but absent from COHORT_A_PLUS_DEMO_BMI because BMXBMI is missing.
112513,2.0,,INCLUDED (has all broad labs),EXCLUDED (missing demo and/or BMI),BMXBMI,Legitimate distinct-cohort membership difference (NOT a bug),Present in COHORT_A_BROAD_LAB (has all 7 broad labs) but absent from COHORT_A_PLUS_DEMO_BMI because BMXBMI is missing.
112734,1.0,,INCLUDED (has all broad labs),EXCLUDED (missing demo and/or BMI),BMXBMI,Legitimate distinct-cohort membership difference (NOT a bug),Present in COHORT_A_BROAD_LAB (has all 7 broad labs) but absent from COHORT_A_PLUS_DEMO_BMI because BMXBMI is missing.
114619,2.0,,INCLUDED (has all broad labs),EXCLUDED (missing demo and/or BMI),BMXBMI,Legitimate distinct-cohort membership difference (NOT a bug),Present in COHORT_A_BROAD_LAB (has all 7 broad labs) but absent from COHORT_A_PLUS_DEMO_BMI because BMXBMI is missing.
114707,1.0,,INCLUDED (has all broad labs),EXCLUDED (missing demo and/or BMI),BMXBMI,Legitimate distinct-cohort membership difference (NOT a bug),Present in COHORT_A_BROAD_LAB (has all 7 broad labs) but absent from COHORT_A_PLUS_DEMO_BMI because BMXBMI is missing.
114971,1.0,,INCLUDED (has all broad labs),EXCLUDED (missing demo and/or BMI),BMXBMI,Legitimate distinct-cohort membership difference (NOT a bug),Present in COHORT_A_BROAD_LAB (has all 7 broad labs) but absent from COHORT_A_PLUS_DEMO_BMI because BMXBMI is missing.
114987,2.0,,INCLUDED (has all broad labs),EXCLUDED (missing demo and/or BMI),BMXBMI,Legitimate distinct-cohort membership difference (NOT a bug),Present in COHORT_A_BROAD_LAB (has all 7 broad labs) but absent from COHORT_A_PLUS_DEMO_BMI because BMXBMI is missing.
115550,2.0,,INCLUDED (has all broad labs),EXCLUDED (missing demo and/or BMI),BMXBMI,Legitimate distinct-cohort membership difference (NOT a bug),Present in COHORT_A_BROAD_LAB (has all 7 broad labs) but absent from COHORT_A_PLUS_DEMO_BMI because BMXBMI is missing.
115586,1.0,,INCLUDED (has all broad labs),EXCLUDED (missing demo and/or BMI),BMXBMI,Legitimate distinct-cohort membership difference (NOT a bug),Present in COHORT_A_BROAD_LAB (has all 7 broad labs) but absent from COHORT_A_PLUS_DEMO_BMI because BMXBMI is missing.
115862,1.0,,INCLUDED (has all broad labs),EXCLUDED (missing demo and/or BMI),BMXBMI,Legitimate distinct-cohort membership difference (NOT a bug),Present in COHORT_A_BROAD_LAB (has all 7 broad labs) but absent from COHORT_A_PLUS_DEMO_BMI because BMXBMI is missing.
116414,1.0,,INCLUDED (has all broad labs),EXCLUDED (missing demo and/or BMI),BMXBMI,Legitimate distinct-cohort membership difference (NOT a bug),Present in COHORT_A_BROAD_LAB (has all 7 broad labs) but absent from COHORT_A_PLUS_DEMO_BMI because BMXBMI is missing.
116480,1.0,,INCLUDED (has all broad labs),EXCLUDED (missing demo and/or BMI),BMXBMI,Legitimate distinct-cohort membership difference (NOT a bug),Present in COHORT_A_BROAD_LAB (has all 7 broad labs) but absent from COHORT_A_PLUS_DEMO_BMI because BMXBMI is missing.
116594,1.0,,INCLUDED (has all broad labs),EXCLUDED (missing demo and/or BMI),BMXBMI,Legitimate distinct-cohort membership difference (NOT a bug),Present in COHORT_A_BROAD_LAB (has all 7 broad labs) but absent from COHORT_A_PLUS_DEMO_BMI because BMXBMI is missing.
116943,2.0,,INCLUDED (has all broad labs),EXCLUDED (missing demo and/or BMI),BMXBMI,Legitimate distinct-cohort membership difference (NOT a bug),Present in COHORT_A_BROAD_LAB (has all 7 broad labs) but absent from COHORT_A_PLUS_DEMO_BMI because BMXBMI is missing.
116955,1.0,,INCLUDED (has all broad labs),EXCLUDED (missing demo and/or BMI),BMXBMI,Legitimate distinct-cohort membership difference (NOT a bug),Present in COHORT_A_BROAD_LAB (has all 7 broad labs) but absent from COHORT_A_PLUS_DEMO_BMI because BMXBMI is missing.
117089,1.0,,INCLUDED (has all broad labs),EXCLUDED (missing demo and/or BMI),BMXBMI,Legitimate distinct-cohort membership difference (NOT a bug),Present in COHORT_A_BROAD_LAB (has all 7 broad labs) but absent from COHORT_A_PLUS_DEMO_BMI because BMXBMI is missing.
117789,2.0,,INCLUDED (has all broad labs),EXCLUDED (missing demo and/or BMI),BMXBMI,Legitimate distinct-cohort membership difference (NOT a bug),Present in COHORT_A_BROAD_LAB (has all 7 broad labs) but absent from COHORT_A_PLUS_DEMO_BMI because BMXBMI is missing.
117860,1.0,,INCLUDED (has all broad labs),EXCLUDED (missing demo and/or BMI),BMXBMI,Legitimate distinct-cohort membership difference (NOT a bug),Present in COHORT_A_BROAD_LAB (has all 7 broad labs) but absent from COHORT_A_PLUS_DEMO_BMI because BMXBMI is missing.
117875,1.0,,INCLUDED (has all broad labs),EXCLUDED (missing demo and/or BMI),BMXBMI,Legitimate distinct-cohort membership difference (NOT a bug),Present in COHORT_A_BROAD_LAB (has all 7 broad labs) but absent from COHORT_A_PLUS_DEMO_BMI because BMXBMI is missing.
118194,1.0,,INCLUDED (has all broad labs),EXCLUDED (missing demo and/or BMI),BMXBMI,Legitimate distinct-cohort membership difference (NOT a bug),Present in COHORT_A_BROAD_LAB (has all 7 broad labs) but absent from COHORT_A_PLUS_DEMO_BMI because BMXBMI is missing.
118205,2.0,,INCLUDED (has all broad labs),EXCLUDED (missing demo and/or BMI),BMXBMI,Legitimate distinct-cohort membership difference (NOT a bug),Present in COHORT_A_BROAD_LAB (has all 7 broad labs) but absent from COHORT_A_PLUS_DEMO_BMI because BMXBMI is missing.
118440,2.0,,INCLUDED (has all broad labs),EXCLUDED (missing demo and/or BMI),BMXBMI,Legitimate distinct-cohort membership difference (NOT a bug),Present in COHORT_A_BROAD_LAB (has all 7 broad labs) but absent from COHORT_A_PLUS_DEMO_BMI because BMXBMI is missing.
118663,1.0,,INCLUDED (has all broad labs),EXCLUDED (missing demo and/or BMI),BMXBMI,Legitimate distinct-cohort membership difference (NOT a bug),Present in COHORT_A_BROAD_LAB (has all 7 broad labs) but absent from COHORT_A_PLUS_DEMO_BMI because BMXBMI is missing.
118770,1.0,,INCLUDED (has all broad labs),EXCLUDED (missing demo and/or BMI),BMXBMI,Legitimate distinct-cohort membership difference (NOT a bug),Present in COHORT_A_BROAD_LAB (has all 7 broad labs) but absent from COHORT_A_PLUS_DEMO_BMI because BMXBMI is missing.
118997,1.0,,INCLUDED (has all broad labs),EXCLUDED (missing demo and/or BMI),BMXBMI,Legitimate distinct-cohort membership difference (NOT a bug),Present in COHORT_A_BROAD_LAB (has all 7 broad labs) but absent from COHORT_A_PLUS_DEMO_BMI because BMXBMI is missing.
119003,1.0,,INCLUDED (has all broad labs),EXCLUDED (missing demo and/or BMI),BMXBMI,Legitimate distinct-cohort membership difference (NOT a bug),Present in COHORT_A_BROAD_LAB (has all 7 broad labs) but absent from COHORT_A_PLUS_DEMO_BMI because BMXBMI is missing.
119049,2.0,,INCLUDED (has all broad labs),EXCLUDED (missing demo and/or BMI),BMXBMI,Legitimate distinct-cohort membership difference (NOT a bug),Present in COHORT_A_BROAD_LAB (has all 7 broad labs) but absent from COHORT_A_PLUS_DEMO_BMI because BMXBMI is missing.
119239,2.0,,INCLUDED (has all broad labs),EXCLUDED (missing demo and/or BMI),BMXBMI,Legitimate distinct-cohort membership difference (NOT a bug),Present in COHORT_A_BROAD_LAB (has all 7 broad labs) but absent from COHORT_A_PLUS_DEMO_BMI because BMXBMI is missing.
119410,1.0,,INCLUDED (has all broad labs),EXCLUDED (missing demo and/or BMI),BMXBMI,Legitimate distinct-cohort membership difference (NOT a bug),Present in COHORT_A_BROAD_LAB (has all 7 broad labs) but absent from COHORT_A_PLUS_DEMO_BMI because BMXBMI is missing.
119979,2.0,,INCLUDED (has all broad labs),EXCLUDED (missing demo and/or BMI),BMXBMI,Legitimate distinct-cohort membership difference (NOT a bug),Present in COHORT_A_BROAD_LAB (has all 7 broad labs) but absent from COHORT_A_PLUS_DEMO_BMI because BMXBMI is missing.
120047,1.0,,INCLUDED (has all broad labs),EXCLUDED (missing demo and/or BMI),BMXBMI,Legitimate distinct-cohort membership difference (NOT a bug),Present in COHORT_A_BROAD_LAB (has all 7 broad labs) but absent from COHORT_A_PLUS_DEMO_BMI because BMXBMI is missing.
120148,1.0,,INCLUDED (has all broad labs),EXCLUDED (missing demo and/or BMI),BMXBMI,Legitimate distinct-cohort membership difference (NOT a bug),Present in COHORT_A_BROAD_LAB (has all 7 broad labs) but absent from COHORT_A_PLUS_DEMO_BMI because BMXBMI is missing.
120171,2.0,,INCLUDED (has all broad labs),EXCLUDED (missing demo and/or BMI),BMXBMI,Legitimate distinct-cohort membership difference (NOT a bug),Present in COHORT_A_BROAD_LAB (has all 7 broad labs) but absent from COHORT_A_PLUS_DEMO_BMI because BMXBMI is missing.
120366,1.0,,INCLUDED (has all broad labs),EXCLUDED (missing demo and/or BMI),BMXBMI,Legitimate distinct-cohort membership difference (NOT a bug),Present in COHORT_A_BROAD_LAB (has all 7 broad labs) but absent from COHORT_A_PLUS_DEMO_BMI because BMXBMI is missing.
120473,2.0,,INCLUDED (has all broad labs),EXCLUDED (missing demo and/or BMI),BMXBMI,Legitimate distinct-cohort membership difference (NOT a bug),Present in COHORT_A_BROAD_LAB (has all 7 broad labs) but absent from COHORT_A_PLUS_DEMO_BMI because BMXBMI is missing.
120640,2.0,,INCLUDED (has all broad labs),EXCLUDED (missing demo and/or BMI),BMXBMI,Legitimate distinct-cohort membership difference (NOT a bug),Present in COHORT_A_BROAD_LAB (has all 7 broad labs) but absent from COHORT_A_PLUS_DEMO_BMI because BMXBMI is missing.
120650,2.0,,INCLUDED (has all broad labs),EXCLUDED (missing demo and/or BMI),BMXBMI,Legitimate distinct-cohort membership difference (NOT a bug),Present in COHORT_A_BROAD_LAB (has all 7 broad labs) but absent from COHORT_A_PLUS_DEMO_BMI because BMXBMI is missing.
120666,1.0,,INCLUDED (has all broad labs),EXCLUDED (missing demo and/or BMI),BMXBMI,Legitimate distinct-cohort membership difference (NOT a bug),Present in COHORT_A_BROAD_LAB (has all 7 broad labs) but absent from COHORT_A_PLUS_DEMO_BMI because BMXBMI is missing.
120692,1.0,,INCLUDED (has all broad labs),EXCLUDED (missing demo and/or BMI),BMXBMI,Legitimate distinct-cohort membership difference (NOT a bug),Present in COHORT_A_BROAD_LAB (has all 7 broad labs) but absent from COHORT_A_PLUS_DEMO_BMI because BMXBMI is missing.
120714,1.0,,INCLUDED (has all broad labs),EXCLUDED (missing demo and/or BMI),BMXBMI,Legitimate distinct-cohort membership difference (NOT a bug),Present in COHORT_A_BROAD_LAB (has all 7 broad labs) but absent from COHORT_A_PLUS_DEMO_BMI because BMXBMI is missing.
120796,2.0,,INCLUDED (has all broad labs),EXCLUDED (missing demo and/or BMI),BMXBMI,Legitimate distinct-cohort membership difference (NOT a bug),Present in COHORT_A_BROAD_LAB (has all 7 broad labs) but absent from COHORT_A_PLUS_DEMO_BMI because BMXBMI is missing.
120875,2.0,,INCLUDED (has all broad labs),EXCLUDED (missing demo and/or BMI),BMXBMI,Legitimate distinct-cohort membership difference (NOT a bug),Present in COHORT_A_BROAD_LAB (has all 7 broad labs) but absent from COHORT_A_PLUS_DEMO_BMI because BMXBMI is missing.
120947,2.0,,INCLUDED (has all broad labs),EXCLUDED (missing demo and/or BMI),BMXBMI,Legitimate distinct-cohort membership difference (NOT a bug),Present in COHORT_A_BROAD_LAB (has all 7 broad labs) but absent from COHORT_A_PLUS_DEMO_BMI because BMXBMI is missing.
121029,1.0,,INCLUDED (has all broad labs),EXCLUDED (missing demo and/or BMI),BMXBMI,Legitimate distinct-cohort membership difference (NOT a bug),Present in COHORT_A_BROAD_LAB (has all 7 broad labs) but absent from COHORT_A_PLUS_DEMO_BMI because BMXBMI is missing.
121208,2.0,,INCLUDED (has all broad labs),EXCLUDED (missing demo and/or BMI),BMXBMI,Legitimate distinct-cohort membership difference (NOT a bug),Present in COHORT_A_BROAD_LAB (has all 7 broad labs) but absent from COHORT_A_PLUS_DEMO_BMI because BMXBMI is missing.
121231,1.0,,INCLUDED (has all broad labs),EXCLUDED (missing demo and/or BMI),BMXBMI,Legitimate distinct-cohort membership difference (NOT a bug),Present in COHORT_A_BROAD_LAB (has all 7 broad labs) but absent from COHORT_A_PLUS_DEMO_BMI because BMXBMI is missing.
121308,2.0,,INCLUDED (has all broad labs),EXCLUDED (missing demo and/or BMI),BMXBMI,Legitimate distinct-cohort membership difference (NOT a bug),Present in COHORT_A_BROAD_LAB (has all 7 broad labs) but absent from COHORT_A_PLUS_DEMO_BMI because BMXBMI is missing.
121427,1.0,,INCLUDED (has all broad labs),EXCLUDED (missing demo and/or BMI),BMXBMI,Legitimate distinct-cohort membership difference (NOT a bug),Present in COHORT_A_BROAD_LAB (has all 7 broad labs) but absent from COHORT_A_PLUS_DEMO_BMI because BMXBMI is missing.
121639,2.0,,INCLUDED (has all broad labs),EXCLUDED (missing demo and/or BMI),BMXBMI,Legitimate distinct-cohort membership difference (NOT a bug),Present in COHORT_A_BROAD_LAB (has all 7 broad labs) but absent from COHORT_A_PLUS_DEMO_BMI because BMXBMI is missing.
121943,1.0,,INCLUDED (has all broad labs),EXCLUDED (missing demo and/or BMI),BMXBMI,Legitimate distinct-cohort membership difference (NOT a bug),Present in COHORT_A_BROAD_LAB (has all 7 broad labs) but absent from COHORT_A_PLUS_DEMO_BMI because BMXBMI is missing.
122015,1.0,,INCLUDED (has all broad labs),EXCLUDED (missing demo and/or BMI),BMXBMI,Legitimate distinct-cohort membership difference (NOT a bug),Present in COHORT_A_BROAD_LAB (has all 7 broad labs) but absent from COHORT_A_PLUS_DEMO_BMI because BMXBMI is missing.
122178,1.0,,INCLUDED (has all broad labs),EXCLUDED (missing demo and/or BMI),BMXBMI,Legitimate distinct-cohort membership difference (NOT a bug),Present in COHORT_A_BROAD_LAB (has all 7 broad labs) but absent from COHORT_A_PLUS_DEMO_BMI because BMXBMI is missing.
122847,1.0,,INCLUDED (has all broad labs),EXCLUDED (missing demo and/or BMI),BMXBMI,Legitimate distinct-cohort membership difference (NOT a bug),Present in COHORT_A_BROAD_LAB (has all 7 broad labs) but absent from COHORT_A_PLUS_DEMO_BMI because BMXBMI is missing.
123219,1.0,,INCLUDED (has all broad labs),EXCLUDED (missing demo and/or BMI),BMXBMI,Legitimate distinct-cohort membership difference (NOT a bug),Present in COHORT_A_BROAD_LAB (has all 7 broad labs) but absent from COHORT_A_PLUS_DEMO_BMI because BMXBMI is missing.
123232,2.0,,INCLUDED (has all broad labs),EXCLUDED (missing demo and/or BMI),BMXBMI,Legitimate distinct-cohort membership difference (NOT a bug),Present in COHORT_A_BROAD_LAB (has all 7 broad labs) but absent from COHORT_A_PLUS_DEMO_BMI because BMXBMI is missing.
124192,2.0,,INCLUDED (has all broad labs),EXCLUDED (missing demo and/or BMI),BMXBMI,Legitimate distinct-cohort membership difference (NOT a bug),Present in COHORT_A_BROAD_LAB (has all 7 broad labs) but absent from COHORT_A_PLUS_DEMO_BMI because BMXBMI is missing.
124351,1.0,,INCLUDED (has all broad labs),EXCLUDED (missing demo and/or BMI),BMXBMI,Legitimate distinct-cohort membership difference (NOT a bug),Present in COHORT_A_BROAD_LAB (has all 7 broad labs) but absent from COHORT_A_PLUS_DEMO_BMI because BMXBMI is missing.
124505,2.0,,INCLUDED (has all broad labs),EXCLUDED (missing demo and/or BMI),BMXBMI,Legitimate distinct-cohort membership difference (NOT a bug),Present in COHORT_A_BROAD_LAB (has all 7 broad labs) but absent from COHORT_A_PLUS_DEMO_BMI because BMXBMI is missing.
124705,1.0,,INCLUDED (has all broad labs),EXCLUDED (missing demo and/or BMI),BMXBMI,Legitimate distinct-cohort membership difference (NOT a bug),Present in COHORT_A_BROAD_LAB (has all 7 broad labs) but absent from COHORT_A_PLUS_DEMO_BMI because BMXBMI is missing.
124803,2.0,,INCLUDED (has all broad labs),EXCLUDED (missing demo and/or BMI),BMXBMI,Legitimate distinct-cohort membership difference (NOT a bug),Present in COHORT_A_BROAD_LAB (has all 7 broad labs) but absent from COHORT_A_PLUS_DEMO_BMI because BMXBMI is missing.
