predictor,predictor_label,standardized_coefficient,odds_ratio_per_1sd
BMXBMI,BMI,0.7461186072266145,2.1087990339601297
RIDAGEYR,Age (years),0.5259431046366461,1.6920538799796816
LBXSASSI,AST,0.33850780028279115,1.4028526915588317
LBXSATSI,ALT,0.21777269436038935,1.2433044253895487
LBDHDD,HDL,-0.1876454428518539,0.828908550589242
LBXSAPSI,ALP,0.15383046561185898,1.1662931432223174
RIAGENDR,Sex,-0.1420295412044334,0.8675956262875808
LBXSTB,Total bilirubin,0.12575489808727208,1.1340041876221931
LBXSAL,Albumin,-0.10100380294125881,0.9039295952881746
LBXPLTSI,Platelets,-0.09905663236182793,0.9056914151272173
