generated,model,N0,shrinkage_weight_w,q_joint_cal,q_envelope_cal,q_m4b_cal,intersectional_coverage,intersectional_ci_lower,intersectional_ci_upper,marginal_coverage,marginal_drift_pp,mean_set_size,singleton_rate,doubleton_rate,meets_target_90,fitting_test_labels_used
2026-08-26 00:27:33,logistic,0,1.0,0.7602,0.732,0.7602,0.9082,0.8697,0.9361,0.938,3.73,1.286,0.7143,0.2857,True,NO
2026-08-26 00:27:33,logistic,10,0.9324,0.7602,0.732,0.7583,0.9082,0.8697,0.9361,0.938,3.73,1.286,0.7143,0.2857,True,NO
2026-08-26 00:27:33,logistic,25,0.8466,0.7602,0.732,0.7559,0.9082,0.8697,0.9361,0.938,3.73,1.279,0.7211,0.2789,True,NO
2026-08-26 00:27:33,logistic,50,0.734,0.7602,0.732,0.7527,0.9082,0.8697,0.9361,0.938,3.73,1.269,0.7313,0.2687,True,NO
2026-08-26 00:27:33,logistic,75,0.6479,0.7602,0.732,0.7503,0.9082,0.8697,0.9361,0.938,3.73,1.265,0.7347,0.2653,True,NO
2026-08-26 00:27:33,logistic,100,0.5798,0.7602,0.732,0.7484,0.9082,0.8697,0.9361,0.938,3.73,1.262,0.7381,0.2619,True,NO
2026-08-26 00:27:33,logistic,150,0.4792,0.7602,0.732,0.7455,0.9048,0.8658,0.9333,0.9376,3.68,1.259,0.7415,0.2585,True,NO
2026-08-26 00:27:33,logistic,200,0.4083,0.7602,0.732,0.7435,0.9014,0.8619,0.9304,0.9371,3.63,1.245,0.7551,0.2449,True,NO
2026-08-26 00:27:33,logistic,300,0.3151,0.7602,0.732,0.7409,0.9014,0.8619,0.9304,0.9371,3.63,1.245,0.7551,0.2449,True,NO
2026-08-26 00:27:33,logistic,500,0.2163,0.7602,0.732,0.7381,0.8946,0.8542,0.9247,0.9362,3.54,1.228,0.7721,0.2279,False,NO
2026-08-26 00:27:33,random_forest,0,1.0,0.7893,0.6771,0.7893,0.9286,0.8933,0.9528,0.9399,4.1,1.381,0.619,0.381,True,NO
2026-08-26 00:27:33,random_forest,10,0.9324,0.7893,0.6771,0.7817,0.9252,0.8893,0.9501,0.9394,4.05,1.354,0.6463,0.3537,True,NO
2026-08-26 00:27:33,random_forest,25,0.8466,0.7893,0.6771,0.7721,0.9184,0.8814,0.9445,0.9385,3.96,1.333,0.6667,0.3333,True,NO
2026-08-26 00:27:33,random_forest,50,0.734,0.7893,0.6771,0.7594,0.9116,0.8736,0.9389,0.9376,3.87,1.31,0.6905,0.3095,True,NO
2026-08-26 00:27:33,random_forest,75,0.6479,0.7893,0.6771,0.7498,0.9082,0.8697,0.9361,0.9371,3.82,1.296,0.7041,0.2959,True,NO
2026-08-26 00:27:33,random_forest,100,0.5798,0.7893,0.6771,0.7421,0.9014,0.8619,0.9304,0.9362,3.73,1.282,0.7177,0.2823,True,NO
2026-08-26 00:27:33,random_forest,150,0.4792,0.7893,0.6771,0.7308,0.8946,0.8542,0.9247,0.9352,3.63,1.255,0.7449,0.2551,False,NO
2026-08-26 00:27:33,random_forest,200,0.4083,0.7893,0.6771,0.7229,0.8912,0.8504,0.9218,0.9348,3.59,1.245,0.7551,0.2449,False,NO
2026-08-26 00:27:33,random_forest,300,0.3151,0.7893,0.6771,0.7124,0.8844,0.8427,0.9161,0.9338,3.49,1.224,0.7755,0.2245,False,NO
2026-08-26 00:27:33,random_forest,500,0.2163,0.7893,0.6771,0.7013,0.8844,0.8427,0.9161,0.9338,3.49,1.218,0.7823,0.2177,False,NO
2026-08-26 00:27:33,xgboost,0,1.0,0.717,0.6706,0.717,0.915,0.8775,0.9417,0.938,4.47,1.286,0.7143,0.2857,True,NO
2026-08-26 00:27:33,xgboost,10,0.9324,0.717,0.6706,0.7138,0.915,0.8775,0.9417,0.938,4.47,1.282,0.7177,0.2823,True,NO
2026-08-26 00:27:33,xgboost,25,0.8466,0.717,0.6706,0.7098,0.915,0.8775,0.9417,0.938,4.47,1.282,0.7177,0.2823,True,NO
2026-08-26 00:27:33,xgboost,50,0.734,0.717,0.6706,0.7046,0.9116,0.8736,0.9389,0.9376,4.43,1.276,0.7245,0.2755,True,NO
2026-08-26 00:27:33,xgboost,75,0.6479,0.717,0.6706,0.7006,0.9116,0.8736,0.9389,0.9376,4.43,1.269,0.7313,0.2687,True,NO
2026-08-26 00:27:33,xgboost,100,0.5798,0.717,0.6706,0.6975,0.9116,0.8736,0.9389,0.9376,4.43,1.265,0.7347,0.2653,True,NO
2026-08-26 00:27:33,xgboost,150,0.4792,0.717,0.6706,0.6928,0.9082,0.8697,0.9361,0.9371,4.38,1.252,0.7483,0.2517,True,NO
2026-08-26 00:27:33,xgboost,200,0.4083,0.717,0.6706,0.6895,0.8946,0.8542,0.9247,0.9352,4.19,1.228,0.7721,0.2279,False,NO
2026-08-26 00:27:33,xgboost,300,0.3151,0.717,0.6706,0.6852,0.8878,0.8466,0.919,0.9343,4.1,1.207,0.7925,0.2075,False,NO
2026-08-26 00:27:33,xgboost,500,0.2163,0.717,0.6706,0.6806,0.881,0.8389,0.9131,0.9334,4.01,1.201,0.7993,0.2007,False,NO
2026-08-26 00:27:33,lightgbm,0,1.0,0.7224,0.6749,0.7224,0.8946,0.8542,0.9247,0.9357,4.52,1.241,0.7585,0.2415,False,NO
2026-08-26 00:27:33,lightgbm,10,0.9324,0.7224,0.6749,0.7192,0.8946,0.8542,0.9247,0.9357,4.52,1.228,0.7721,0.2279,False,NO
2026-08-26 00:27:33,lightgbm,25,0.8466,0.7224,0.6749,0.7151,0.8844,0.8427,0.9161,0.9343,4.38,1.214,0.7857,0.2143,False,NO
2026-08-26 00:27:33,lightgbm,50,0.734,0.7224,0.6749,0.7098,0.8741,0.8313,0.9073,0.9329,4.24,1.197,0.8027,0.1973,False,NO
2026-08-26 00:27:33,lightgbm,75,0.6479,0.7224,0.6749,0.7057,0.8741,0.8313,0.9073,0.9329,4.24,1.197,0.8027,0.1973,False,NO
2026-08-26 00:27:33,lightgbm,100,0.5798,0.7224,0.6749,0.7025,0.8707,0.8276,0.9044,0.9324,4.19,1.194,0.8061,0.1939,False,NO
2026-08-26 00:27:33,lightgbm,150,0.4792,0.7224,0.6749,0.6977,0.8639,0.82,0.8985,0.9315,4.1,1.177,0.8231,0.1769,False,NO
2026-08-26 00:27:33,lightgbm,200,0.4083,0.7224,0.6749,0.6943,0.8639,0.82,0.8985,0.9315,4.1,1.173,0.8265,0.1735,False,NO
2026-08-26 00:27:33,lightgbm,300,0.3151,0.7224,0.6749,0.6899,0.8639,0.82,0.8985,0.9315,4.1,1.167,0.8333,0.1667,False,NO
2026-08-26 00:27:33,lightgbm,500,0.2163,0.7224,0.6749,0.6852,0.8639,0.82,0.8985,0.9315,4.1,1.163,0.8367,0.1633,False,NO
2026-08-26 00:27:33,mlp,0,1.0,0.7873,0.7672,0.7873,0.9082,0.8697,0.9361,0.9404,4.33,1.316,0.6837,0.3163,True,NO
2026-08-26 00:27:33,mlp,10,0.9324,0.7873,0.7672,0.7859,0.9048,0.8658,0.9333,0.9399,4.29,1.313,0.6871,0.3129,True,NO
2026-08-26 00:27:33,mlp,25,0.8466,0.7873,0.7672,0.7842,0.9048,0.8658,0.9333,0.9399,4.29,1.31,0.6905,0.3095,True,NO
2026-08-26 00:27:33,mlp,50,0.734,0.7873,0.7672,0.782,0.9048,0.8658,0.9333,0.9399,4.29,1.303,0.6973,0.3027,True,NO
2026-08-26 00:27:33,mlp,75,0.6479,0.7873,0.7672,0.7802,0.9048,0.8658,0.9333,0.9399,4.29,1.303,0.6973,0.3027,True,NO
2026-08-26 00:27:33,mlp,100,0.5798,0.7873,0.7672,0.7789,0.9048,0.8658,0.9333,0.9399,4.29,1.293,0.7075,0.2925,True,NO
2026-08-26 00:27:33,mlp,150,0.4792,0.7873,0.7672,0.7769,0.9048,0.8658,0.9333,0.9399,4.29,1.289,0.7109,0.2891,True,NO
2026-08-26 00:27:33,mlp,200,0.4083,0.7873,0.7672,0.7754,0.9048,0.8658,0.9333,0.9399,4.29,1.286,0.7143,0.2857,True,NO
2026-08-26 00:27:33,mlp,300,0.3151,0.7873,0.7672,0.7736,0.9048,0.8658,0.9333,0.9399,4.29,1.282,0.7177,0.2823,True,NO
2026-08-26 00:27:33,mlp,500,0.2163,0.7873,0.7672,0.7716,0.9014,0.8619,0.9304,0.9394,4.24,1.279,0.7211,0.2789,True,NO
