model_a,model_b,auc_diff_a_minus_b,diff_95ci_low,diff_95ci_high,raw_p_value_bootstrap,ci_excludes_zero,fdr_adjusted_p_value,significant_after_fdr_0.05
logistic,random_forest,-0.0009,-0.0157,0.0138,0.883,False,0.883,False
logistic,xgboost,-0.0095,-0.0229,0.0034,0.152,False,0.304,False
logistic,lightgbm,-0.006,-0.0199,0.0075,0.392,False,0.4356,False
logistic,mlp,0.0106,-0.0006,0.0223,0.059,False,0.1475,False
random_forest,xgboost,-0.0086,-0.0169,-0.001,0.03,True,0.1,False
random_forest,lightgbm,-0.0051,-0.0139,0.0038,0.254,False,0.3175,False
random_forest,mlp,0.0115,-0.0057,0.0298,0.199,False,0.3175,False
xgboost,lightgbm,0.0035,-0.0026,0.0093,0.251,False,0.3175,False
xgboost,mlp,0.02,0.0059,0.0353,0.005,True,0.05,False
lightgbm,mlp,0.0166,0.0015,0.033,0.029,True,0.1,False
