variable,type,n,missing_n,missing_pct,mean_or_pct,sd,median,iqr,min,max
N (full P_LUX-anchored cohort),N,10409,0.0,0.0,,,,,,
Age (years),continuous,10409,0.0,0.0,44.61,20.98,45.0,37.0,12.0,80.0
Body Mass Index (kg/m^2),continuous,10213,196.0,1.88,29.12,7.71,27.9,9.3,13.2,92.3
Weight (kg),continuous,10236,173.0,1.66,80.95,23.63,77.5,29.2,27.6,254.3
Height (cm),continuous,10228,181.0,1.74,166.38,10.09,165.9,14.6,131.1,199.6
"Liver stiffness, median (kPa)",continuous,9700,709.0,6.81,5.89,4.87,5.0,2.0,1.6,75.0
"CAP, median (dB/m)",continuous,9698,711.0,6.83,257.59,63.55,253.0,91.0,100.0,400.0
Stiffness IQR/median ratio (%),continuous,9679,730.0,7.01,15.11,18.56,13.2,9.3,0.8,1338.0
ALT (U/L),continuous,9473,936.0,8.99,21.27,18.26,17.0,12.0,2.0,682.0
AST (U/L),continuous,9435,974.0,9.36,21.58,13.97,19.0,7.0,6.0,489.0
Albumin (g/dL),continuous,9477,932.0,8.95,4.08,0.35,4.1,0.4,2.1,5.4
ALP (IU/L),continuous,9474,935.0,8.98,89.26,51.38,77.0,33.0,16.0,638.0
Total Bilirubin (mg/dL),continuous,9475,934.0,8.97,0.46,0.28,0.4,0.3,0.1,3.8
Platelets (10^9/L),continuous,9788,621.0,5.97,249.62,65.24,243.0,81.0,8.0,818.0
Fasting Glucose (mg/dL),continuous,4744,5665.0,54.42,111.18,36.31,102.0,17.0,47.0,524.0
Triglycerides (mg/dL),continuous,4650,5759.0,55.33,103.72,89.82,84.0,70.0,10.0,2684.0
HDL (mg/dL),continuous,9527,882.0,8.47,53.24,15.4,51.0,19.0,5.0,189.0
RIAGENDR: Male,categorical,5095,,,48.95,,,,,
RIAGENDR: Female,categorical,5314,,,51.05,,,,,
RIAGENDR: Missing,categorical,0,,,0.0,,,,,
RIDRETH3: Mexican American,categorical,1273,,,12.23,,,,,
RIDRETH3: Other Hispanic,categorical,1054,,,10.13,,,,,
RIDRETH3: Non-Hispanic White,categorical,3519,,,33.81,,,,,
RIDRETH3: Non-Hispanic Black,categorical,2762,,,26.53,,,,,
RIDRETH3: Non-Hispanic Asian,categorical,1225,,,11.77,,,,,
RIDRETH3: Other Race / Multi-Racial,categorical,576,,,5.53,,,,,
RIDRETH3: Missing,categorical,0,,,0.0,,,,,
LUAXSTAT: Complete,categorical,9023,,,86.68,,,,,
LUAXSTAT: Partial,categorical,748,,,7.19,,,,,
LUAXSTAT: Ineligible,categorical,386,,,3.71,,,,,
LUAXSTAT: Not done,categorical,252,,,2.42,,,,,
LUAXSTAT: Missing,categorical,0,,,0.0,,,,,
