claim_id,domain,claim,phase,dataset,source_artifact,source_script,authority_status,audit_status,lineage_status,manuscript_status,limitation,recommended_wording,do_not_claim
DISC-01,Discrimination,Five model families reach test AUROC 0.8229-0.8429 for LUXSMED>=8.2 kPa from 10 routine predictors,Project Phase 3,CAND_1 locked test N=2146,results/tables/phase3_final_baseline_results.csv,src/phase3_05_train_and_tune.py; src/phase3_06_threshold_and_test_eval.py,AUTHORITATIVE,VERIFIED,ESTABLISHED,MANUSCRIPT_READY,Modest PR-AUC (~0.35-0.37) at 9.31% prevalence,Five model families achieved statistically indistinguishable discrimination (test AUROC 0.823-0.843),Do not claim strong/excellent discrimination or clinical-grade accuracy
DISC-02,Discrimination,0/10 pairwise model comparisons significant after BH-FDR; no model family is superior,Project Phase 3,CAND_1 locked test,results/tables/phase3_model_comparison_fdr.csv,src/phase3_16_inference_methodology.py,AUTHORITATIVE,VERIFIED,ESTABLISHED,MANUSCRIPT_READY,Pooled 182-test FDR shows XGB vs MLP p=0.0136 (secondary),No pairwise model comparison was significant after multiple-testing correction,Do not claim XGBoost (or any model) is the best/superior model
CAL-01,Calibration,Class-balanced models over-predict raw risk (OOF intercepts -2.24 to -1.86); OOF Platt scaling corrects aggregate calibration on the locked test without changing AUROC,Project Phase 4,CAND_1 OOF N=5007 / test N=2146,results/calibration/primary_metrics_by_model.csv; results/calibration/test_set_calibration_final.csv,src/phase4_05_recalibration.py; src/phase4_09_final_test_set_calibration.py,AUTHORITATIVE,VERIFIED,ESTABLISHED,MANUSCRIPT_READY,Mechanism is prior-shift (primary explanation); isotonic rejected (466 OOF positives),Class-balancing produced severe raw over-prediction that out-of-fold Platt scaling corrected without altering discrimination,Do not claim subgroup or universal calibration adequacy
FAIR-BMI-01,BMI fairness,Normal-BMI sensitivity is 27.1-47.7 pp lower than Obese in all 5 models (FDR q<=0.006),Project Phase 5 / BMI-inv Phase 1,CAND_1 locked test,results/fairness/fairness_inference.csv; results/fairness_bmi_investigation/phase1_bmi_reproduction.csv,src/phase5_04_inference.py,AUTHORITATIVE,VERIFIED AND REPRODUCED,ESTABLISHED,MANUSCRIPT_READY,Normal-BMI has 22 test positives (wide CIs); model-fairness fact distinct from cohort missingness fact; non-causal,Sensitivity was 27-48 percentage points lower in normal-weight than obese participants across all five models,Do not claim the mechanism is causal or that BMI fairness was mitigated
FAIR-BMI-02,BMI fairness,The BMI-Obese vs Normal sensitivity disparity is stable across 8.0 kPa; CAND_2; CAND_3 (15/15) and enlarged temporally to 62.8-71.9 pp,Sensitivity + Temporal,CAND_1/CAND_2/CAND_3 + NHANES 2021-2023,results/sensitivity/primary_vs_sensitivity_comparison.csv; results/temporal_validation/temporal_fairness_results.csv,src/sens_02_train_evaluate.py; src/temporal_validation/run_phase3_temporal_validation.py,AUTHORITATIVE,VERIFIED,ESTABLISHED,MANUSCRIPT_READY_WITH_QUALIFICATION,Temporal result is PARTIAL replication; 8.0 kPa is relabel-only,The obese-BMI sensitivity disparity reproduced across all sensitivity analyses and a later NHANES cycle where it enlarged,Do not present the temporal reproduction as full or external validation
FAIR-AGE-01,Age fairness,Age-60+ sensitivity is lower than Age-40-59 in 5/5 models; FDR-significant in 4/5 (not Logistic),Project Phase 5,CAND_1 locked test,results/fairness/fairness_inference.csv,src/phase5_04_inference.py,VERIFIED_WITH_LIMITATIONS,VERIFIED,ESTABLISHED,MANUSCRIPT_READY_WITH_QUALIFICATION,Significance lost in 9/12 sensitivity-cohort instances; direction reverses temporally; non-monotonic (peak ~65y),"Older participants showed a consistent-direction sensitivity deficit that was significant in four of five models and specification-sensitive; SECONDARY OBSERVATION per MANUSCRIPT_FRAMING_GUIDANCE.md -- Results body + Limitations only, not the abstract, not a co-headline with the BMI finding",Do not claim Age-60+ significance in 5/5 or a monotone older-is-worse gradient; do not present the Age-60+ sensitivity disparity in the abstract or as a co-primary subgroup finding
CONF-01,Conformal,Split conformal (alpha=0.10) meets marginal coverage overall (88.12-90.82%),Project Phase 6,CAND_1 locked test,results/uncertainty/marginal_coverage_test_set.csv,src/phase6_04_final_test_touch.py,AUTHORITATIVE,VERIFIED,ESTABLISHED,MANUSCRIPT_READY,Marginal validity is a guarantee under exchangeability only,Split-conformal prediction met its 90% marginal coverage target overall,Do not extend marginal validity to any subgroup
CONF-02,Conformal,Subgroup conformal coverage fails for BMI-Obese (76.8-82.3%) and Age-60+ (81.1-85.6%) in all 5 models (CIs exclude 90%); Normal-BMI/Overweight over-cover,Project Phase 6,CAND_1 locked test,results/uncertainty/subgroup_coverage.csv,src/phase6_03_conformal_calibration.py; src/phase6_04_final_test_touch.py,AUTHORITATIVE,VERIFIED FROM RAW CSV,ESTABLISHED,MANUSCRIPT_READY,Empirical; one cohort (CAND_1); small subgroup precision; documentation/MASTER_RESEARCH_RESULTS.md misreports this (conflict C1),Marginal coverage concealed under-coverage of obese and older participants in every model,Do not claim conditional/subgroup conformal validity; do not cite MASTER_RESEARCH_RESULTS.md conformal numbers
CONF-03,Conformal,BMI-Obese intersect Age-60+ baseline conformal coverage collapses to 64.97-75.17% (test N=294; 35 positive),Project Phase 6,CAND_1 locked test,results/uncertainty/intersectional_coverage_ci.csv,src/phase6_04_final_test_touch.py,AUTHORITATIVE,VERIFIED,ESTABLISHED,MANUSCRIPT_READY_WITH_QUALIFICATION,Descriptive; pre-specified small cell (N=294); the overlap is 13.7% of test not 62% (that is the union),In the obese-and-60+ intersection (N=294) baseline conformal coverage fell to 65-75%,Do not describe the intersection as ~62% of the cohort or claim a causal interaction
MIT-01,Mitigation,FDR-gated Mondrian conformal recalibration restored nominal coverage in 5/9 targeted model-subgroup combinations,Project Phase 7,CAND_1 locked test,results/mitigation/test_set_mitigation_final.csv; results/mitigation/marginal_coverage_before_after.csv,src/phase7_04_final_test_touch.py,VERIFIED_WITH_LIMITATIONS,VERIFIED,ESTABLISHED,MANUSCRIPT_READY_WITH_QUALIFICATION,4/9 targets unresolved; XGBoost marginal coverage 93.4% breaches +/-5 pp tolerance (+5.27 pp); overlap uses Age-over-BMI last-write-wins precedence not joint mitigation,Group-wise conformal recalibration partially not fully repaired subgroup coverage,Do not claim Phase 7 resolved subgroup coverage or the BMI classification disparity
MIT-02,Mitigation,No acceptable BMI-sensitivity mitigation was identified across four candidate strategies on an independent split,BMI-inv Phase 3,CAND_1 development N=5007 / test N=2146,results/fairness_bmi_investigation/phase3_corrected/phase3_corrected_candidate_mitigation_results.csv; phase3_corrected_locked_test_confirmation.csv,src/run_phase3_corrected_bmi_mitigation.py,VERIFIED_WITH_LIMITATIONS,VERIFIED,ESTABLISHED,MANUSCRIPT_READY_WITH_QUALIFICATION,Only MLP got a candidate (BMI-Platt: gap 39.03->34.48 pp); no formal candidate inference,A dedicated re-analysis of four BMI-targeted mitigation strategies identified none meeting the pre-specified multi-metric acceptance criteria,Do not claim a universal or cross-family BMI mitigation
MIT-03,Mitigation,Subgroup-specific probability calibration did not improve subgroup reliability or fairness beyond global Platt scaling; classification decisions unchanged,BMI-inv Phase 4,CAND_1 OOF / locked confirmation,results/fairness_bmi_investigation/phase4_corrected/phase4_corrected_fairness_comparison.csv; phase4_corrected_subgroup_comparison.csv,src/run_phase4_corrected_subgroup_calibration.py,VERIFIED_WITH_LIMITATIONS,VERIFIED (Decision B),ESTABLISHED,MANUSCRIPT_READY_WITH_QUALIFICATION,No joint calibrator; no candidate inference; runtime access order only partially proven; one duplicate output lacks provenance,Subgroup calibration did not improve subgroup reliability or fairness and left classifications unchanged,Do not claim subgroup calibration solved BMI fairness or provided joint intersectional calibration
MIT-04,Mitigation,No acceptable XGBoost retuning within the authorized candidate family removes its post-mitigation conformal coverage-tolerance breach,BMI-inv Phase 7,CAND_1 development / locked confirmation,results/fairness_bmi_investigation/phase7_mitigation_cleanup/phase7_xgb_retuning_results.csv; phase7_xgb_comparison.csv,src/phase7_mitigation_cleanup.py,VERIFIED_WITH_LIMITATIONS,VERIFIED,ESTABLISHED,MANUSCRIPT_READY_WITH_QUALIFICATION,Every gap-closing candidate costs 11-22 pp overall sensitivity or flips the breach,Retuning XGBoost within the authorized family did not remove its post-mitigation coverage breach,Do not claim the XGBoost breach is resolvable
MIT-05,Mitigation,Joint intersectional conformal calibration (Method b/c; M4b N0=0) restores Obese-and-60+ coverage on CAND_1 for most models but breaches marginal tolerance for XGB/LGBM and does not replicate temporally (1/5),Stage-1 diagnostics + Temporal,CAND_1 + NHANES 2021-2023,results/mitigation/joint_intersectional_mitigation.csv; results/tables/m4b_prespecified_n0_final_results.csv; results/temporal_validation/temporal_m4b_results.csv,src/sens_12_m4b_n0_prespecified.py,EXPLORATORY,"VERIFIED (C2 ADJUDICATED 2026-08-27: executed 2026-08-24, EXPLORATORY only; stale status-CSV row superseded)",ESTABLISHED (joint artifact generating lineage NOT FOUND),EXPLORATORY_ONLY,Joint calibration cell N=138; generating script/manifest/runtime log NOT FOUND IN REPOSITORY,An exploratory joint-cell conformal calibration restored intersectional coverage on the primary cohort for most models but breached the marginal tolerance for two and did not replicate on a later cycle,Do not present joint mitigation as primary or as a solution to intersectional coverage
GEN-01,Generalization,Withholding Non-Hispanic Black participants from training reduces discrimination on that subgroup (AUROC 0.7719-0.7893) and destabilizes calibration,Project Phase 8,CAND_1 non-NHB train N=5366 / NHB holdout N=1787,results/validation/phase8_generalization_results.csv; results/validation/phase8_population_shift.csv,src/phase8_02_train_and_holdout_evaluate.py,AUTHORITATIVE,VERIFIED,ESTABLISHED,MANUSCRIPT_READY_WITH_QUALIFICATION,Within-NHANES demographic holdout; NHB holdout positive count varies by source column,A within-NHANES demographic holdout showed moderate discrimination loss and unstable calibration on the withheld subgroup,Do not call the NHB holdout external validation
SENS-01,Robustness,Discrimination; calibration correction; and the BMI-Obese disparity are robust to an 8.0-kPa cutoff; the full re-run concludes SOME MAJOR FINDINGS ARE THRESHOLD-SENSITIVE,BMI-inv Phase 6 + deferred sensitivity,CAND_1 relabeled,results/sensitivity/alternative_threshold_8p0kPa_results.csv; results/fairness_bmi_investigation/phase6_8kpa_robustness/phase6_8kpa_vs_82_comparison.csv,src/sens_03_alternative_threshold.py; src/run_phase6_8kpa_robustness.py,VERIFIED_WITH_LIMITATIONS,VERIFIED,ESTABLISHED (frozen 8.2 protocol commit + model manifest NOT FOUND),MANUSCRIPT_READY_WITH_QUALIFICATION,8.2 kPa is PRIMARY; 8.0 kPa is a sensitivity analysis; Age-60+ significance is threshold-sensitive,A robustness analysis at 8.0 kPa left discrimination and the obese-BMI disparity intact but confirmed the older-age disparity's significance is threshold-sensitive,Do not replace the primary 8.2 kPa analysis with 8.0 kPa; do not claim 8.0 and 8.2 are statistically indistinguishable
SENS-02,Robustness,CAND_2 (N=7639) AUROC 0.8526-0.8572 and CAND_3 (N=3582; 12 predictors) AUROC 0.8280-0.8457 reproduce the primary qualitative pattern,Deferred sensitivity,CAND_2 / CAND_3 fresh fits,results/sensitivity/sensitivity_discrimination_calibration_results.csv; relaxed_elastography_cohort_summary.csv; fasting_extended_cohort_summary.csv,src/sens_01_construct_cohorts.py; src/sens_02_train_evaluate.py,AUTHORITATIVE,VERIFIED,ESTABLISHED,MANUSCRIPT_READY_WITH_QUALIFICATION,Age-60+ significance lost in CAND_2 (3/4) and CAND_3 (4/4),Two independently constructed cohorts reproduced the primary discrimination and obese-BMI fairness findings,Do not claim the age finding is robust across cohorts
MI-01,MI sensitivity,Targeted multiple imputation for the Non-Hispanic Black selection question changed AUROC by <0.007 and NHB sensitivity by <=+/-4.2 pp (all CIs include 0; BH adj p=0.978),MI sensitivity,MI pool N=7768 vs complete-case N=7153,results/sensitivity/mi_black_subgroup_comparison.csv; results/sensitivity/multiple_imputation_diagnostics.csv,src/mi_02_black_subgroup_comparison.py; src/mi_03_black_subgroup_inference.py,AUTHORITATIVE,VERIFIED,ESTABLISHED,MANUSCRIPT_READY_WITH_QUALIFICATION,Narrow scope (NHB question only); BH q=0.978 is a correction-ceiling artifact; 4/5 STABLE MLP INDETERMINATE,A targeted multiple-imputation analysis did not materially change discrimination or the Non-Hispanic Black sensitivity estimate,Do not claim MI and complete-case are equivalent or extend MI to whole-cohort conclusions
MI-02,MI sensitivity,MI conformal reliability is descriptively consistent with complete-case; BMI-Obese under-coverage persists under MI,BMI-inv Phase 5,MI pool / locked test comparison,results/fairness_bmi_investigation/phase5_mi_conformal/phase5_mi_vs_complete_case.csv; phase5_mi_conformal_subgroups.csv,NOT FOUND IN REPOSITORY,VERIFIED_WITH_LIMITATIONS,DESCRIPTIVE ONLY,LINEAGE NOT FOUND IN REPOSITORY,MANUSCRIPT_READY_WITH_QUALIFICATION,No executable MI-conformal source/models/scores/runtime log/equivalence test/Rubin pooling,An exploratory multiple-imputation sensitivity analysis produced conformal subgroup coverage consistent with the complete-case results,Do not cite MI conformal as load-bearing evidence or claim pooled inference/equivalence
INT-01,Interpretability,ALT; AST; BMI; and Age are the top four predictors across all five model families,Interpretability extension,CAND_1 train N=5007,results/tables/interpretability_permutation_importance.csv; interpretability_logistic_coefficients.csv,src/sens_10_reliability_extension.py,AUTHORITATIVE,VERIFIED,ESTABLISHED,MANUSCRIPT_READY,Association with model output not causal,Model predictions were driven by established markers of hepatic injury and metabolic risk (ALT AST BMI age),Do not make causal claims from feature importance
DCA-01,Clinical utility,All five models show positive net benefit vs treat-all/treat-none across p_t ~0.05-0.35 including within BMI-Obese and Age-60+,Reliability extension,CAND_1 locked test,results/reliability_extension/dca_summary.csv; dca_results.csv,src/sens_10_reliability_extension.py,EXPLORATORY,VERIFIED,ESTABLISHED,EXPLORATORY_ONLY,Internal cohort only; net-benefit curves not a deployment endpoint,Decision-curve analysis showed net benefit over default strategies within the plausible threshold range,Do not claim demonstrated clinical utility or deployment readiness
TEMP-01,Temporal transportability,NHANES 2021-2023 (N=4910; 11.47%) yields AUROC 0.7765-0.7824; persistent/enlarged BMI-Obese disparity (62.8-71.9 pp); persistent subgroup conformal under-coverage; and M4b intersectional success for 1/5 models; final status PARTIAL TEMPORAL REPLICATION,Temporal validation (separate work),NHANES 2021-2023 N=4910,results/temporal_validation/temporal_discrimination_results.csv; temporal_calibration_results.csv; temporal_fairness_results.csv; temporal_conformal_results.csv; temporal_m4b_results.csv,src/temporal_validation/run_phase3_temporal_validation.py; src/temporal_validation/synthesize_phase4_temporal_validation.py,AUTHORITATIVE,VERIFIED,ESTABLISHED,SEPARATE_WORK,Later-cycle frozen-model evaluation; not clinical readiness/causal/external; root cause = SUPPORTED ASSOCIATION only,A later NHANES cycle partially replicated the findings: discrimination declined; the obese-BMI disparity persisted and enlarged; and frozen intersectional conformal protection largely failed,Do not call this full temporal replication or external validation
EXT-01,External validation,No compatible independent non-NHANES cohort was obtained; external validation was not performed,External validation (separate work),N/A,documentation/reliability_extension/external_validation_future_work.md,NOT FOUND IN REPOSITORY,NOT_EXECUTED,NOT_EXECUTED,LINEAGE NOT FOUND IN REPOSITORY,NOT_EXECUTED,No dataset with VCTE LUXSMED>=8.2 kPa and the 10 routine labs identified,External validation on an independent non-NHANES population has not been performed and is the study's foremost limitation,Do not claim any external validation
CAND4-01,Cohort scope,CAND_4 all-ages (>=12 y) cohort N=8215 was constructed but never modeled,Phase 2 (constructed only),NHANES 2017-March 2020,documentation/validation/cand4_resolution_evidence.csv,NOT FOUND IN REPOSITORY,NOT_EXECUTED,"VERIFIED (C4 ADJUDICATED 2026-08-27: DISTINCT-EXPLORATORY-UNEXECUTED, Amendment #14)",ESTABLISHED,NOT_EXECUTED,Documentation tension over its frozen tracking status (conflict C4); no result artifact,An all-ages cohort was defined but not analysed; the study is adult-scoped,Do not report any CAND_4 performance
SECOUT-01,Secondary outcomes,"Pre-registered severity-graded secondary outcomes executed as a relabel-only descriptive pass (Amendment #15): >=9.7 kPa AUROC 0.85-0.86, >=13.6 kPa 0.84-0.86 (comparable to primary); frozen 8.2-kPa Platt recalibration does not transport to the rarer outcomes",Phase 2 pre-registered; executed 2026-08-27 (Amendment #15),CAND_1,results/sensitivity/secondary_severity_outcomes_results.csv; secondary_severity_outcomes_9p7_bmi_age_fairness.csv; secondary_severity_outcomes_lineage.json,src/sens_13_secondary_severity_outcomes.py,VERIFIED_WITH_LIMITATIONS,EXECUTED (relabel-only descriptive; Amendment #15),ESTABLISHED,MANUSCRIPT_READY_WITH_QUALIFICATION,Relabel-only: no per-outcome retraining or Platt refit; >=13.6 kPa overall-only (59 test positives); >=9.7 kPa BMI fairness underpowered (Normal-BMI n=11 test positives); no FDR,"Severity-graded secondary outcomes (advanced fibrosis >=9.7 kPa, cirrhosis >=13.6 kPa) showed discrimination comparable to the primary outcome, but the primary-outcome recalibration did not transport to the lower-prevalence definitions",Do not report these as deployable severity-staging model performance; do not claim per-outcome retraining or recalibration was done
