generated,label,model,intersection,group_1,group_2,n_test,n_positive_test,n_negative_test,full_cohort_feasibility_tier,test_set_precision_tier,roc_auc,sensitivity,specificity
2026-08-19 12:38:33,EXPLORATORY -- UNCORRECTED (multiple_comparisons_protocol.md),logistic,Sex x Race/Ethnicity,Male,Mexican American,124,17,107,exploratory candidate,limited precision,0.834524463991204,0.7647058823529411,0.6728971962616822
2026-08-19 12:38:33,EXPLORATORY -- UNCORRECTED (multiple_comparisons_protocol.md),logistic,Sex x Race/Ethnicity,Male,Other Hispanic,120,15,105,exploratory candidate,limited precision,0.7714285714285715,0.8,0.5238095238095238
2026-08-19 12:38:33,EXPLORATORY -- UNCORRECTED (multiple_comparisons_protocol.md),logistic,Sex x Race/Ethnicity,Male,Non-Hispanic White,366,42,324,primary-feasibility candidate,exploratory candidate,0.8535420340975896,0.8571428571428571,0.6759259259259259
2026-08-19 12:38:33,EXPLORATORY -- UNCORRECTED (multiple_comparisons_protocol.md),logistic,Sex x Race/Ethnicity,Male,Non-Hispanic Black,267,31,236,exploratory candidate,exploratory candidate,0.7180153089119737,0.6774193548387096,0.7076271186440678
2026-08-19 12:38:33,EXPLORATORY -- UNCORRECTED (multiple_comparisons_protocol.md),logistic,Sex x Race/Ethnicity,Male,Non-Hispanic Asian,111,9,102,exploratory candidate,insufficient evidence,0.8071895424836601,0.6666666666666666,0.8627450980392157
2026-08-19 12:38:33,EXPLORATORY -- UNCORRECTED (multiple_comparisons_protocol.md),logistic,Sex x Race/Ethnicity,Male,Other Race / Multi-Racial,59,8,51,limited precision,insufficient evidence,0.7916666666666667,0.625,0.7254901960784313
2026-08-19 12:38:33,EXPLORATORY -- UNCORRECTED (multiple_comparisons_protocol.md),logistic,Sex x Race/Ethnicity,Female,Mexican American,125,14,111,exploratory candidate,limited precision,0.8777348777348778,0.8571428571428571,0.8108108108108109
2026-08-19 12:38:33,EXPLORATORY -- UNCORRECTED (multiple_comparisons_protocol.md),logistic,Sex x Race/Ethnicity,Female,Other Hispanic,122,11,111,exploratory candidate,limited precision,0.9099099099099099,0.8181818181818182,0.8468468468468469
2026-08-19 12:38:33,EXPLORATORY -- UNCORRECTED (multiple_comparisons_protocol.md),logistic,Sex x Race/Ethnicity,Female,Non-Hispanic White,385,26,359,exploratory candidate,limited precision,0.8371544889650739,0.6923076923076923,0.7855153203342619
2026-08-19 12:38:33,EXPLORATORY -- UNCORRECTED (multiple_comparisons_protocol.md),logistic,Sex x Race/Ethnicity,Female,Non-Hispanic Black,283,19,264,exploratory candidate,limited precision,0.8949362041467304,0.7368421052631579,0.8181818181818182
2026-08-19 12:38:33,EXPLORATORY -- UNCORRECTED (multiple_comparisons_protocol.md),logistic,Sex x Race/Ethnicity,Female,Non-Hispanic Asian,130,5,125,limited precision,insufficient evidence,0.768,0.4,0.96
2026-08-19 12:38:33,EXPLORATORY -- UNCORRECTED (multiple_comparisons_protocol.md),logistic,Sex x Race/Ethnicity,Female,Other Race / Multi-Racial,54,3,51,insufficient evidence,insufficient evidence,0.8235294117647058,0.6666666666666666,0.8431372549019608
2026-08-19 12:38:33,EXPLORATORY -- UNCORRECTED (multiple_comparisons_protocol.md),logistic,Sex x Age,Male,18-39,379,24,355,exploratory candidate,limited precision,0.7911971830985914,0.6666666666666666,0.8591549295774648
2026-08-19 12:38:33,EXPLORATORY -- UNCORRECTED (multiple_comparisons_protocol.md),logistic,Sex x Age,Male,40-59,298,39,259,primary-feasibility candidate,exploratory candidate,0.8523908523908524,0.8717948717948718,0.7104247104247104
2026-08-19 12:38:33,EXPLORATORY -- UNCORRECTED (multiple_comparisons_protocol.md),logistic,Sex x Age,Male,60+,370,59,311,primary-feasibility candidate,exploratory candidate,0.6875034061801734,0.7288135593220338,0.4790996784565916
2026-08-19 12:38:33,EXPLORATORY -- UNCORRECTED (multiple_comparisons_protocol.md),logistic,Sex x Age,Female,18-39,361,9,352,exploratory candidate,insufficient evidence,0.8910984848484848,0.6666666666666666,0.9659090909090909
2026-08-19 12:38:33,EXPLORATORY -- UNCORRECTED (multiple_comparisons_protocol.md),logistic,Sex x Age,Female,40-59,367,27,340,exploratory candidate,limited precision,0.8659041394335512,0.7407407407407407,0.8
2026-08-19 12:38:33,EXPLORATORY -- UNCORRECTED (multiple_comparisons_protocol.md),logistic,Sex x Age,Female,60+,371,42,329,primary-feasibility candidate,exploratory candidate,0.8004052684903749,0.7380952380952381,0.7082066869300911
2026-08-19 12:38:33,EXPLORATORY -- UNCORRECTED (multiple_comparisons_protocol.md),logistic,Sex x BMI,Male,Underweight,12,1,11,insufficient evidence,insufficient evidence,0.18181818181818177,0.0,0.9090909090909091
2026-08-19 12:38:33,EXPLORATORY -- UNCORRECTED (multiple_comparisons_protocol.md),logistic,Sex x BMI,Male,Normal,278,18,260,exploratory candidate,limited precision,0.7824786324786326,0.4444444444444444,0.9384615384615385
2026-08-19 12:38:33,EXPLORATORY -- UNCORRECTED (multiple_comparisons_protocol.md),logistic,Sex x BMI,Male,Overweight,366,22,344,exploratory candidate,limited precision,0.7620243128964059,0.5,0.7906976744186046
2026-08-19 12:38:33,EXPLORATORY -- UNCORRECTED (multiple_comparisons_protocol.md),logistic,Sex x BMI,Male,Obese,391,81,310,primary-feasibility candidate,exploratory candidate,0.7480286738351255,0.9135802469135802,0.36129032258064514
2026-08-19 12:38:33,EXPLORATORY -- UNCORRECTED (multiple_comparisons_protocol.md),logistic,Sex x BMI,Female,Underweight,16,0,16,insufficient evidence,insufficient evidence,NOT COMPUTABLE,NOT COMPUTABLE,NOT COMPUTABLE
2026-08-19 12:38:33,EXPLORATORY -- UNCORRECTED (multiple_comparisons_protocol.md),logistic,Sex x BMI,Female,Normal,284,4,280,limited precision,insufficient evidence,0.7919642857142857,0.25,0.9821428571428571
2026-08-19 12:38:33,EXPLORATORY -- UNCORRECTED (multiple_comparisons_protocol.md),logistic,Sex x BMI,Female,Overweight,307,15,292,exploratory candidate,limited precision,0.8438356164383561,0.4,0.9486301369863014
2026-08-19 12:38:33,EXPLORATORY -- UNCORRECTED (multiple_comparisons_protocol.md),logistic,Sex x BMI,Female,Obese,492,59,433,primary-feasibility candidate,exploratory candidate,0.8244803695150116,0.847457627118644,0.6397228637413395
2026-08-19 12:38:33,EXPLORATORY -- UNCORRECTED (multiple_comparisons_protocol.md),random_forest,Sex x Race/Ethnicity,Male,Mexican American,124,17,107,exploratory candidate,limited precision,0.822429906542056,0.8235294117647058,0.6355140186915887
2026-08-19 12:38:33,EXPLORATORY -- UNCORRECTED (multiple_comparisons_protocol.md),random_forest,Sex x Race/Ethnicity,Male,Other Hispanic,120,15,105,exploratory candidate,limited precision,0.740952380952381,0.8,0.5238095238095238
2026-08-19 12:38:33,EXPLORATORY -- UNCORRECTED (multiple_comparisons_protocol.md),random_forest,Sex x Race/Ethnicity,Male,Non-Hispanic White,366,42,324,primary-feasibility candidate,exploratory candidate,0.8630217519106408,0.8571428571428571,0.7067901234567902
2026-08-19 12:38:33,EXPLORATORY -- UNCORRECTED (multiple_comparisons_protocol.md),random_forest,Sex x Race/Ethnicity,Male,Non-Hispanic Black,267,31,236,exploratory candidate,exploratory candidate,0.7579278294149807,0.7096774193548387,0.7161016949152542
2026-08-19 12:38:33,EXPLORATORY -- UNCORRECTED (multiple_comparisons_protocol.md),random_forest,Sex x Race/Ethnicity,Male,Non-Hispanic Asian,111,9,102,exploratory candidate,insufficient evidence,0.7777777777777778,0.4444444444444444,0.7941176470588235
2026-08-19 12:38:33,EXPLORATORY -- UNCORRECTED (multiple_comparisons_protocol.md),random_forest,Sex x Race/Ethnicity,Male,Other Race / Multi-Racial,59,8,51,limited precision,insufficient evidence,0.8750000000000001,0.75,0.803921568627451
2026-08-19 12:38:33,EXPLORATORY -- UNCORRECTED (multiple_comparisons_protocol.md),random_forest,Sex x Race/Ethnicity,Female,Mexican American,125,14,111,exploratory candidate,limited precision,0.8700128700128701,0.8571428571428571,0.7657657657657657
2026-08-19 12:38:33,EXPLORATORY -- UNCORRECTED (multiple_comparisons_protocol.md),random_forest,Sex x Race/Ethnicity,Female,Other Hispanic,122,11,111,exploratory candidate,limited precision,0.8648648648648649,0.7272727272727273,0.8108108108108109
2026-08-19 12:38:33,EXPLORATORY -- UNCORRECTED (multiple_comparisons_protocol.md),random_forest,Sex x Race/Ethnicity,Female,Non-Hispanic White,385,26,359,exploratory candidate,limited precision,0.8409042211270623,0.8076923076923077,0.7520891364902507
2026-08-19 12:38:33,EXPLORATORY -- UNCORRECTED (multiple_comparisons_protocol.md),random_forest,Sex x Race/Ethnicity,Female,Non-Hispanic Black,283,19,264,exploratory candidate,limited precision,0.9136762360446571,0.9473684210526315,0.7234848484848485
2026-08-19 12:38:33,EXPLORATORY -- UNCORRECTED (multiple_comparisons_protocol.md),random_forest,Sex x Race/Ethnicity,Female,Non-Hispanic Asian,130,5,125,limited precision,insufficient evidence,0.7408,0.6,0.928
2026-08-19 12:38:33,EXPLORATORY -- UNCORRECTED (multiple_comparisons_protocol.md),random_forest,Sex x Race/Ethnicity,Female,Other Race / Multi-Racial,54,3,51,insufficient evidence,insufficient evidence,0.718954248366013,0.6666666666666666,0.7254901960784313
2026-08-19 12:38:33,EXPLORATORY -- UNCORRECTED (multiple_comparisons_protocol.md),random_forest,Sex x Age,Male,18-39,379,24,355,exploratory candidate,limited precision,0.8089201877934273,0.625,0.8704225352112676
2026-08-19 12:38:33,EXPLORATORY -- UNCORRECTED (multiple_comparisons_protocol.md),random_forest,Sex x Age,Male,40-59,298,39,259,primary-feasibility candidate,exploratory candidate,0.8420948420948421,0.8717948717948718,0.6640926640926641
2026-08-19 12:38:33,EXPLORATORY -- UNCORRECTED (multiple_comparisons_protocol.md),random_forest,Sex x Age,Male,60+,370,59,311,primary-feasibility candidate,exploratory candidate,0.7124638944901629,0.7627118644067796,0.5209003215434084
2026-08-19 12:38:33,EXPLORATORY -- UNCORRECTED (multiple_comparisons_protocol.md),random_forest,Sex x Age,Female,18-39,361,9,352,exploratory candidate,insufficient evidence,0.8964646464646464,0.7777777777777778,0.9318181818181818
2026-08-19 12:38:33,EXPLORATORY -- UNCORRECTED (multiple_comparisons_protocol.md),random_forest,Sex x Age,Female,40-59,367,27,340,exploratory candidate,limited precision,0.8763616557734205,0.9259259259259259,0.7264705882352941
2026-08-19 12:38:33,EXPLORATORY -- UNCORRECTED (multiple_comparisons_protocol.md),random_forest,Sex x Age,Female,60+,371,42,329,primary-feasibility candidate,exploratory candidate,0.7756549428281951,0.7619047619047619,0.6504559270516718
2026-08-19 12:38:33,EXPLORATORY -- UNCORRECTED (multiple_comparisons_protocol.md),random_forest,Sex x BMI,Male,Underweight,12,1,11,insufficient evidence,insufficient evidence,0.0,0.0,0.9090909090909091
2026-08-19 12:38:33,EXPLORATORY -- UNCORRECTED (multiple_comparisons_protocol.md),random_forest,Sex x BMI,Male,Normal,278,18,260,exploratory candidate,limited precision,0.8068376068376069,0.6111111111111112,0.9
2026-08-19 12:38:33,EXPLORATORY -- UNCORRECTED (multiple_comparisons_protocol.md),random_forest,Sex x BMI,Male,Overweight,366,22,344,exploratory candidate,limited precision,0.781183932346723,0.5,0.7936046511627907
2026-08-19 12:38:33,EXPLORATORY -- UNCORRECTED (multiple_comparisons_protocol.md),random_forest,Sex x BMI,Male,Obese,391,81,310,primary-feasibility candidate,exploratory candidate,0.745957785742732,0.8888888888888888,0.4064516129032258
2026-08-19 12:38:33,EXPLORATORY -- UNCORRECTED (multiple_comparisons_protocol.md),random_forest,Sex x BMI,Female,Underweight,16,0,16,insufficient evidence,insufficient evidence,NOT COMPUTABLE,NOT COMPUTABLE,NOT COMPUTABLE
2026-08-19 12:38:33,EXPLORATORY -- UNCORRECTED (multiple_comparisons_protocol.md),random_forest,Sex x BMI,Female,Normal,284,4,280,limited precision,insufficient evidence,0.7714285714285715,0.5,0.9464285714285714
2026-08-19 12:38:33,EXPLORATORY -- UNCORRECTED (multiple_comparisons_protocol.md),random_forest,Sex x BMI,Female,Overweight,307,15,292,exploratory candidate,limited precision,0.8009132420091324,0.4666666666666667,0.9383561643835616
2026-08-19 12:38:33,EXPLORATORY -- UNCORRECTED (multiple_comparisons_protocol.md),random_forest,Sex x BMI,Female,Obese,492,59,433,primary-feasibility candidate,exploratory candidate,0.8261243981680824,0.9322033898305084,0.5427251732101617
2026-08-19 12:38:33,EXPLORATORY -- UNCORRECTED (multiple_comparisons_protocol.md),xgboost,Sex x Race/Ethnicity,Male,Mexican American,124,17,107,exploratory candidate,limited precision,0.8042880703683342,0.8235294117647058,0.5700934579439252
2026-08-19 12:38:33,EXPLORATORY -- UNCORRECTED (multiple_comparisons_protocol.md),xgboost,Sex x Race/Ethnicity,Male,Other Hispanic,120,15,105,exploratory candidate,limited precision,0.7098412698412698,0.8666666666666667,0.45714285714285713
2026-08-19 12:38:33,EXPLORATORY -- UNCORRECTED (multiple_comparisons_protocol.md),xgboost,Sex x Race/Ethnicity,Male,Non-Hispanic White,366,42,324,primary-feasibility candidate,exploratory candidate,0.8859494415049971,0.9523809523809523,0.595679012345679
2026-08-19 12:38:33,EXPLORATORY -- UNCORRECTED (multiple_comparisons_protocol.md),xgboost,Sex x Race/Ethnicity,Male,Non-Hispanic Black,267,31,236,exploratory candidate,exploratory candidate,0.7643521049753964,0.7741935483870968,0.652542372881356
2026-08-19 12:38:33,EXPLORATORY -- UNCORRECTED (multiple_comparisons_protocol.md),xgboost,Sex x Race/Ethnicity,Male,Non-Hispanic Asian,111,9,102,exploratory candidate,insufficient evidence,0.7962962962962963,0.5555555555555556,0.7352941176470589
2026-08-19 12:38:33,EXPLORATORY -- UNCORRECTED (multiple_comparisons_protocol.md),xgboost,Sex x Race/Ethnicity,Male,Other Race / Multi-Racial,59,8,51,limited precision,insufficient evidence,0.9019607843137255,1.0,0.6470588235294118
2026-08-19 12:38:33,EXPLORATORY -- UNCORRECTED (multiple_comparisons_protocol.md),xgboost,Sex x Race/Ethnicity,Female,Mexican American,125,14,111,exploratory candidate,limited precision,0.8848133848133848,0.8571428571428571,0.7567567567567568
2026-08-19 12:38:33,EXPLORATORY -- UNCORRECTED (multiple_comparisons_protocol.md),xgboost,Sex x Race/Ethnicity,Female,Other Hispanic,122,11,111,exploratory candidate,limited precision,0.8976248976248976,0.8181818181818182,0.7927927927927928
2026-08-19 12:38:33,EXPLORATORY -- UNCORRECTED (multiple_comparisons_protocol.md),xgboost,Sex x Race/Ethnicity,Female,Non-Hispanic White,385,26,359,exploratory candidate,limited precision,0.8477608742232697,0.8076923076923077,0.7158774373259053
2026-08-19 12:38:33,EXPLORATORY -- UNCORRECTED (multiple_comparisons_protocol.md),xgboost,Sex x Race/Ethnicity,Female,Non-Hispanic Black,283,19,264,exploratory candidate,limited precision,0.909688995215311,0.9473684210526315,0.678030303030303
2026-08-19 12:38:33,EXPLORATORY -- UNCORRECTED (multiple_comparisons_protocol.md),xgboost,Sex x Race/Ethnicity,Female,Non-Hispanic Asian,130,5,125,limited precision,insufficient evidence,0.7696000000000001,0.6,0.888
2026-08-19 12:38:33,EXPLORATORY -- UNCORRECTED (multiple_comparisons_protocol.md),xgboost,Sex x Race/Ethnicity,Female,Other Race / Multi-Racial,54,3,51,insufficient evidence,insufficient evidence,0.7320261437908496,0.6666666666666666,0.6862745098039216
2026-08-19 12:38:33,EXPLORATORY -- UNCORRECTED (multiple_comparisons_protocol.md),xgboost,Sex x Age,Male,18-39,379,24,355,exploratory candidate,limited precision,0.8173708920187793,0.7916666666666666,0.819718309859155
2026-08-19 12:38:33,EXPLORATORY -- UNCORRECTED (multiple_comparisons_protocol.md),xgboost,Sex x Age,Male,40-59,298,39,259,primary-feasibility candidate,exploratory candidate,0.8635778635778637,0.8974358974358975,0.5945945945945946
2026-08-19 12:38:33,EXPLORATORY -- UNCORRECTED (multiple_comparisons_protocol.md),xgboost,Sex x Age,Male,60+,370,59,311,primary-feasibility candidate,exploratory candidate,0.7140443620905771,0.847457627118644,0.38263665594855306
2026-08-19 12:38:33,EXPLORATORY -- UNCORRECTED (multiple_comparisons_protocol.md),xgboost,Sex x Age,Female,18-39,361,9,352,exploratory candidate,insufficient evidence,0.9144570707070707,0.7777777777777778,0.8977272727272727
2026-08-19 12:38:33,EXPLORATORY -- UNCORRECTED (multiple_comparisons_protocol.md),xgboost,Sex x Age,Female,40-59,367,27,340,exploratory candidate,limited precision,0.8935729847494553,0.9629629629629629,0.7
2026-08-19 12:38:33,EXPLORATORY -- UNCORRECTED (multiple_comparisons_protocol.md),xgboost,Sex x Age,Female,60+,371,42,329,primary-feasibility candidate,exploratory candidate,0.7786220871327254,0.7619047619047619,0.60790273556231
2026-08-19 12:38:33,EXPLORATORY -- UNCORRECTED (multiple_comparisons_protocol.md),xgboost,Sex x BMI,Male,Underweight,12,1,11,insufficient evidence,insufficient evidence,0.0,0.0,0.6363636363636364
2026-08-19 12:38:33,EXPLORATORY -- UNCORRECTED (multiple_comparisons_protocol.md),xgboost,Sex x BMI,Male,Normal,278,18,260,exploratory candidate,limited precision,0.8341880341880342,0.6666666666666666,0.8538461538461538
2026-08-19 12:38:33,EXPLORATORY -- UNCORRECTED (multiple_comparisons_protocol.md),xgboost,Sex x BMI,Male,Overweight,366,22,344,exploratory candidate,limited precision,0.7825052854122622,0.6818181818181818,0.6947674418604651
2026-08-19 12:38:33,EXPLORATORY -- UNCORRECTED (multiple_comparisons_protocol.md),xgboost,Sex x BMI,Male,Obese,391,81,310,primary-feasibility candidate,exploratory candidate,0.7465153325368379,0.9506172839506173,0.3096774193548387
2026-08-19 12:38:33,EXPLORATORY -- UNCORRECTED (multiple_comparisons_protocol.md),xgboost,Sex x BMI,Female,Underweight,16,0,16,insufficient evidence,insufficient evidence,NOT COMPUTABLE,NOT COMPUTABLE,NOT COMPUTABLE
2026-08-19 12:38:33,EXPLORATORY -- UNCORRECTED (multiple_comparisons_protocol.md),xgboost,Sex x BMI,Female,Normal,284,4,280,limited precision,insufficient evidence,0.7919642857142857,0.5,0.9214285714285714
2026-08-19 12:38:33,EXPLORATORY -- UNCORRECTED (multiple_comparisons_protocol.md),xgboost,Sex x BMI,Female,Overweight,307,15,292,exploratory candidate,limited precision,0.8221461187214611,0.4666666666666667,0.9178082191780822
2026-08-19 12:38:33,EXPLORATORY -- UNCORRECTED (multiple_comparisons_protocol.md),xgboost,Sex x BMI,Female,Obese,492,59,433,primary-feasibility candidate,exploratory candidate,0.8409989431244373,0.9491525423728814,0.49191685912240185
2026-08-19 12:38:33,EXPLORATORY -- UNCORRECTED (multiple_comparisons_protocol.md),lightgbm,Sex x Race/Ethnicity,Male,Mexican American,124,17,107,exploratory candidate,limited precision,0.7938427707531611,0.7647058823529411,0.6635514018691588
2026-08-19 12:38:33,EXPLORATORY -- UNCORRECTED (multiple_comparisons_protocol.md),lightgbm,Sex x Race/Ethnicity,Male,Other Hispanic,120,15,105,exploratory candidate,limited precision,0.7104761904761905,0.8,0.5619047619047619
2026-08-19 12:38:33,EXPLORATORY -- UNCORRECTED (multiple_comparisons_protocol.md),lightgbm,Sex x Race/Ethnicity,Male,Non-Hispanic White,366,42,324,primary-feasibility candidate,exploratory candidate,0.8750734861845972,0.8809523809523809,0.7129629629629629
2026-08-19 12:38:33,EXPLORATORY -- UNCORRECTED (multiple_comparisons_protocol.md),lightgbm,Sex x Race/Ethnicity,Male,Non-Hispanic Black,267,31,236,exploratory candidate,exploratory candidate,0.7606615636960087,0.7741935483870968,0.7161016949152542
2026-08-19 12:38:33,EXPLORATORY -- UNCORRECTED (multiple_comparisons_protocol.md),lightgbm,Sex x Race/Ethnicity,Male,Non-Hispanic Asian,111,9,102,exploratory candidate,insufficient evidence,0.7952069716775599,0.5555555555555556,0.8235294117647058
2026-08-19 12:38:33,EXPLORATORY -- UNCORRECTED (multiple_comparisons_protocol.md),lightgbm,Sex x Race/Ethnicity,Male,Other Race / Multi-Racial,59,8,51,limited precision,insufficient evidence,0.875,0.75,0.7450980392156863
2026-08-19 12:38:33,EXPLORATORY -- UNCORRECTED (multiple_comparisons_protocol.md),lightgbm,Sex x Race/Ethnicity,Female,Mexican American,125,14,111,exploratory candidate,limited precision,0.8918918918918919,0.8571428571428571,0.8018018018018018
2026-08-19 12:38:33,EXPLORATORY -- UNCORRECTED (multiple_comparisons_protocol.md),lightgbm,Sex x Race/Ethnicity,Female,Other Hispanic,122,11,111,exploratory candidate,limited precision,0.9082719082719084,0.8181818181818182,0.8378378378378378
2026-08-19 12:38:33,EXPLORATORY -- UNCORRECTED (multiple_comparisons_protocol.md),lightgbm,Sex x Race/Ethnicity,Female,Non-Hispanic White,385,26,359,exploratory candidate,limited precision,0.8535461752731948,0.7307692307692307,0.7743732590529248
2026-08-19 12:38:33,EXPLORATORY -- UNCORRECTED (multiple_comparisons_protocol.md),lightgbm,Sex x Race/Ethnicity,Female,Non-Hispanic Black,283,19,264,exploratory candidate,limited precision,0.8981259968102073,0.8947368421052632,0.7234848484848485
2026-08-19 12:38:33,EXPLORATORY -- UNCORRECTED (multiple_comparisons_protocol.md),lightgbm,Sex x Race/Ethnicity,Female,Non-Hispanic Asian,130,5,125,limited precision,insufficient evidence,0.792,0.6,0.944
2026-08-19 12:38:33,EXPLORATORY -- UNCORRECTED (multiple_comparisons_protocol.md),lightgbm,Sex x Race/Ethnicity,Female,Other Race / Multi-Racial,54,3,51,insufficient evidence,insufficient evidence,0.7843137254901962,0.6666666666666666,0.7254901960784313
2026-08-19 12:38:33,EXPLORATORY -- UNCORRECTED (multiple_comparisons_protocol.md),lightgbm,Sex x Age,Male,18-39,379,24,355,exploratory candidate,limited precision,0.8018779342723006,0.75,0.8507042253521127
2026-08-19 12:38:33,EXPLORATORY -- UNCORRECTED (multiple_comparisons_protocol.md),lightgbm,Sex x Age,Male,40-59,298,39,259,primary-feasibility candidate,exploratory candidate,0.8662508662508662,0.8717948717948718,0.6833976833976834
2026-08-19 12:38:33,EXPLORATORY -- UNCORRECTED (multiple_comparisons_protocol.md),lightgbm,Sex x Age,Male,60+,370,59,311,primary-feasibility candidate,exploratory candidate,0.6997111559213037,0.7627118644067796,0.5562700964630225
2026-08-19 12:38:33,EXPLORATORY -- UNCORRECTED (multiple_comparisons_protocol.md),lightgbm,Sex x Age,Female,18-39,361,9,352,exploratory candidate,insufficient evidence,0.9261363636363636,0.6666666666666666,0.9289772727272727
2026-08-19 12:38:33,EXPLORATORY -- UNCORRECTED (multiple_comparisons_protocol.md),lightgbm,Sex x Age,Female,40-59,367,27,340,exploratory candidate,limited precision,0.8835511982570805,0.9259259259259259,0.7558823529411764
2026-08-19 12:38:33,EXPLORATORY -- UNCORRECTED (multiple_comparisons_protocol.md),lightgbm,Sex x Age,Female,60+,371,42,329,primary-feasibility candidate,exploratory candidate,0.7874511506730352,0.7380952380952381,0.6747720364741642
2026-08-19 12:38:33,EXPLORATORY -- UNCORRECTED (multiple_comparisons_protocol.md),lightgbm,Sex x BMI,Male,Underweight,12,1,11,insufficient evidence,insufficient evidence,0.0,0.0,0.7272727272727273
2026-08-19 12:38:33,EXPLORATORY -- UNCORRECTED (multiple_comparisons_protocol.md),lightgbm,Sex x BMI,Male,Normal,278,18,260,exploratory candidate,limited precision,0.8235042735042735,0.6666666666666666,0.9192307692307692
2026-08-19 12:38:33,EXPLORATORY -- UNCORRECTED (multiple_comparisons_protocol.md),lightgbm,Sex x BMI,Male,Overweight,366,22,344,exploratory candidate,limited precision,0.7692917547568711,0.5,0.8081395348837209
2026-08-19 12:38:33,EXPLORATORY -- UNCORRECTED (multiple_comparisons_protocol.md),lightgbm,Sex x BMI,Male,Obese,391,81,310,primary-feasibility candidate,exploratory candidate,0.7386300278773396,0.9135802469135802,0.4096774193548387
2026-08-19 12:38:33,EXPLORATORY -- UNCORRECTED (multiple_comparisons_protocol.md),lightgbm,Sex x BMI,Female,Underweight,16,0,16,insufficient evidence,insufficient evidence,NOT COMPUTABLE,NOT COMPUTABLE,NOT COMPUTABLE
2026-08-19 12:38:33,EXPLORATORY -- UNCORRECTED (multiple_comparisons_protocol.md),lightgbm,Sex x BMI,Female,Normal,284,4,280,limited precision,insufficient evidence,0.8223214285714285,0.5,0.9571428571428572
2026-08-19 12:38:33,EXPLORATORY -- UNCORRECTED (multiple_comparisons_protocol.md),lightgbm,Sex x BMI,Female,Overweight,307,15,292,exploratory candidate,limited precision,0.8263698630136986,0.4666666666666667,0.9452054794520548
2026-08-19 12:38:33,EXPLORATORY -- UNCORRECTED (multiple_comparisons_protocol.md),lightgbm,Sex x BMI,Female,Obese,492,59,433,primary-feasibility candidate,exploratory candidate,0.8415665244451402,0.8983050847457628,0.5704387990762124
2026-08-19 12:38:33,EXPLORATORY -- UNCORRECTED (multiple_comparisons_protocol.md),mlp,Sex x Race/Ethnicity,Male,Mexican American,124,17,107,exploratory candidate,limited precision,0.8257284222100055,0.8235294117647058,0.5233644859813084
2026-08-19 12:38:33,EXPLORATORY -- UNCORRECTED (multiple_comparisons_protocol.md),mlp,Sex x Race/Ethnicity,Male,Other Hispanic,120,15,105,exploratory candidate,limited precision,0.7606349206349207,0.8666666666666667,0.4095238095238095
2026-08-19 12:38:33,EXPLORATORY -- UNCORRECTED (multiple_comparisons_protocol.md),mlp,Sex x Race/Ethnicity,Male,Non-Hispanic White,366,42,324,primary-feasibility candidate,exploratory candidate,0.8573633156966489,0.8809523809523809,0.5895061728395061
2026-08-19 12:38:33,EXPLORATORY -- UNCORRECTED (multiple_comparisons_protocol.md),mlp,Sex x Race/Ethnicity,Male,Non-Hispanic Black,267,31,236,exploratory candidate,exploratory candidate,0.7150082012028431,0.7096774193548387,0.576271186440678
2026-08-19 12:38:33,EXPLORATORY -- UNCORRECTED (multiple_comparisons_protocol.md),mlp,Sex x Race/Ethnicity,Male,Non-Hispanic Asian,111,9,102,exploratory candidate,insufficient evidence,0.7886710239651415,0.7777777777777778,0.7450980392156863
2026-08-19 12:38:33,EXPLORATORY -- UNCORRECTED (multiple_comparisons_protocol.md),mlp,Sex x Race/Ethnicity,Male,Other Race / Multi-Racial,59,8,51,limited precision,insufficient evidence,0.8161764705882353,0.875,0.6274509803921569
2026-08-19 12:38:33,EXPLORATORY -- UNCORRECTED (multiple_comparisons_protocol.md),mlp,Sex x Race/Ethnicity,Female,Mexican American,125,14,111,exploratory candidate,limited precision,0.8738738738738738,0.9285714285714286,0.6846846846846847
2026-08-19 12:38:33,EXPLORATORY -- UNCORRECTED (multiple_comparisons_protocol.md),mlp,Sex x Race/Ethnicity,Female,Other Hispanic,122,11,111,exploratory candidate,limited precision,0.8746928746928746,0.8181818181818182,0.8018018018018018
2026-08-19 12:38:33,EXPLORATORY -- UNCORRECTED (multiple_comparisons_protocol.md),mlp,Sex x Race/Ethnicity,Female,Non-Hispanic White,385,26,359,exploratory candidate,limited precision,0.8237625883865438,0.8076923076923077,0.7353760445682451
2026-08-19 12:38:33,EXPLORATORY -- UNCORRECTED (multiple_comparisons_protocol.md),mlp,Sex x Race/Ethnicity,Female,Non-Hispanic Black,283,19,264,exploratory candidate,limited precision,0.8405103668261562,0.7894736842105263,0.7083333333333334
2026-08-19 12:38:33,EXPLORATORY -- UNCORRECTED (multiple_comparisons_protocol.md),mlp,Sex x Race/Ethnicity,Female,Non-Hispanic Asian,130,5,125,limited precision,insufficient evidence,0.7648,0.6,0.872
2026-08-19 12:38:33,EXPLORATORY -- UNCORRECTED (multiple_comparisons_protocol.md),mlp,Sex x Race/Ethnicity,Female,Other Race / Multi-Racial,54,3,51,insufficient evidence,insufficient evidence,0.8235294117647058,0.6666666666666666,0.6666666666666666
2026-08-19 12:38:33,EXPLORATORY -- UNCORRECTED (multiple_comparisons_protocol.md),mlp,Sex x Age,Male,18-39,379,24,355,exploratory candidate,limited precision,0.7931924882629108,0.75,0.780281690140845
2026-08-19 12:38:33,EXPLORATORY -- UNCORRECTED (multiple_comparisons_protocol.md),mlp,Sex x Age,Male,40-59,298,39,259,primary-feasibility candidate,exploratory candidate,0.8646668646668647,0.9230769230769231,0.5328185328185329
2026-08-19 12:38:33,EXPLORATORY -- UNCORRECTED (multiple_comparisons_protocol.md),mlp,Sex x Age,Male,60+,370,59,311,primary-feasibility candidate,exploratory candidate,0.6932257888713281,0.7796610169491526,0.38263665594855306
2026-08-19 12:38:33,EXPLORATORY -- UNCORRECTED (multiple_comparisons_protocol.md),mlp,Sex x Age,Female,18-39,361,9,352,exploratory candidate,insufficient evidence,0.8907828282828283,0.8888888888888888,0.8806818181818182
2026-08-19 12:38:33,EXPLORATORY -- UNCORRECTED (multiple_comparisons_protocol.md),mlp,Sex x Age,Female,40-59,367,27,340,exploratory candidate,limited precision,0.861437908496732,0.8888888888888888,0.6735294117647059
2026-08-19 12:38:33,EXPLORATORY -- UNCORRECTED (multiple_comparisons_protocol.md),mlp,Sex x Age,Female,60+,371,42,329,primary-feasibility candidate,exploratory candidate,0.7526414821247648,0.7380952380952381,0.668693009118541
2026-08-19 12:38:33,EXPLORATORY -- UNCORRECTED (multiple_comparisons_protocol.md),mlp,Sex x BMI,Male,Underweight,12,1,11,insufficient evidence,insufficient evidence,0.18181818181818177,0.0,0.9090909090909091
2026-08-19 12:38:33,EXPLORATORY -- UNCORRECTED (multiple_comparisons_protocol.md),mlp,Sex x BMI,Male,Normal,278,18,260,exploratory candidate,limited precision,0.7854700854700855,0.5555555555555556,0.9038461538461539
2026-08-19 12:38:33,EXPLORATORY -- UNCORRECTED (multiple_comparisons_protocol.md),mlp,Sex x BMI,Male,Overweight,366,22,344,exploratory candidate,limited precision,0.7124735729386893,0.5909090909090909,0.6424418604651163
2026-08-19 12:38:33,EXPLORATORY -- UNCORRECTED (multiple_comparisons_protocol.md),mlp,Sex x BMI,Male,Obese,391,81,310,primary-feasibility candidate,exploratory candidate,0.7538430904022302,0.9506172839506173,0.21935483870967742
2026-08-19 12:38:33,EXPLORATORY -- UNCORRECTED (multiple_comparisons_protocol.md),mlp,Sex x BMI,Female,Underweight,16,0,16,insufficient evidence,insufficient evidence,NOT COMPUTABLE,NOT COMPUTABLE,NOT COMPUTABLE
2026-08-19 12:38:33,EXPLORATORY -- UNCORRECTED (multiple_comparisons_protocol.md),mlp,Sex x BMI,Female,Normal,284,4,280,limited precision,insufficient evidence,0.7375,0.5,0.9535714285714286
2026-08-19 12:38:33,EXPLORATORY -- UNCORRECTED (multiple_comparisons_protocol.md),mlp,Sex x BMI,Female,Overweight,307,15,292,exploratory candidate,limited precision,0.7769406392694065,0.4666666666666667,0.910958904109589
2026-08-19 12:38:33,EXPLORATORY -- UNCORRECTED (multiple_comparisons_protocol.md),mlp,Sex x BMI,Female,Obese,492,59,433,primary-feasibility candidate,exploratory candidate,0.7890946099346304,0.9152542372881356,0.48729792147806006
