generated,model,dimension,category,status,n_calibration,n_calibration_positive,n_test,n_test_positive,sg_platt_intercept,sg_platt_coef,new_conformal_quantile_level,new_conformal_threshold,baseline_coverage_raw_uncalibrated,coverage_after_subgroup_recalibration,coverage_ci_lower,coverage_ci_upper,coverage_change_pp,mean_set_size_after,singleton_rate_after,doubleton_rate_after,fitting_test_labels_used
2026-08-25T11:06:15.717087+00:00,logistic,bmi,Obese,fit,407,68,883,140,-2.264021,1.137996,0.904177,0.718346,0.82333,0.907135,0.886188,0.924555,8.3805,1.143828,0.856172,0.143828,NO
2026-08-25T11:06:15.717087+00:00,logistic,age,60+,fit,339,41,741,101,-2.510201,1.1606,0.902655,0.607736,0.848853,0.875843,0.850144,0.897666,2.699,1.017544,0.982456,0.017544,NO
2026-08-25T11:06:15.717087+00:00,random_forest,bmi,Obese,fit,407,68,883,140,-1.821482,1.155036,0.904177,0.677013,0.801812,0.899207,0.877589,0.917367,9.7395,1.139298,0.860702,0.139298,NO
2026-08-25T11:06:15.717087+00:00,random_forest,age,60+,fit,339,41,741,101,-2.13292,1.501891,0.902655,0.554094,0.855601,0.873144,0.847242,0.895198,1.7543,1.02834,0.97166,0.02834,NO
2026-08-25T11:06:15.717087+00:00,xgboost,bmi,Obese,fit,407,68,883,140,-2.127134,1.156126,0.904177,0.655151,0.767837,0.901472,0.880042,0.919425,13.3635,1.148358,0.851642,0.148358,NO
2026-08-25T11:06:15.717087+00:00,xgboost,age,60+,fit,339,41,741,101,-2.562145,1.534956,0.902655,0.544038,0.811066,0.867746,0.841447,0.890252,5.668,1.021592,0.978408,0.021592,NO
2026-08-25T11:06:15.717087+00:00,lightgbm,bmi,Obese,fit,407,68,883,140,-2.184703,1.243767,0.904177,0.653756,0.791619,0.89581,0.873915,0.914275,10.4191,1.116648,0.883352,0.116648,NO
2026-08-25T11:06:15.717087+00:00,lightgbm,age,60+,fit,339,41,741,101,-2.556494,1.620587,0.902655,0.580714,0.847503,0.879892,0.854504,0.901361,3.2389,1.035088,0.964912,0.035088,NO
2026-08-25T11:06:15.717087+00:00,mlp,bmi,Obese,fit,407,68,883,140,0.052823,0.90241,0.904177,0.722993,0.808607,0.916195,0.896066,0.932718,10.7588,1.178935,0.821065,0.178935,NO
2026-08-25T11:06:15.717087+00:00,mlp,age,60+,fit,339,41,741,101,0.024692,1.045827,0.902655,0.564205,0.838057,0.879892,0.854504,0.901361,4.1835,1.026991,0.973009,0.026991,NO
