model,model_key,case_type,bmi_group,n,median,q25,q75,q05,q95,mean,sd,normal_vs_obese_p,rank_biserial_effect_obese_vs_normal
Logistic Regression,logistic,positive_fibrosis,Normal-BMI,50,0.3815025434636006,0.2206078591089154,0.5747642187988823,0.09447555749381298,0.9601772137630787,0.4406281262973102,0.27068811903463547,6.646550562851009e-11,-0.5730487804878048
Logistic Regression,logistic,negative_no_fibrosis,Normal-BMI,1190,0.1556900536762432,0.08936750312286038,0.27511301109845826,0.04941862951536086,0.44223676624054237,0.19351604686660834,0.13220191619460497,0.0,-0.8333488497439792
Logistic Regression,logistic,positive_fibrosis,Obese,328,0.7186557259344943,0.5761808403778644,0.823917275252777,0.407193945788515,0.9744833653265759,0.6972086108101335,0.17208476074878606,6.646550562851009e-11,-0.5730487804878048
Logistic Regression,logistic,negative_no_fibrosis,Obese,1715,0.5038651463715097,0.3735709291678849,0.6497985574030833,0.20736628767319915,0.8141733167577632,0.5083620943254015,0.1837173808650451,0.0,-0.8333488497439792
Random Forest,random_forest,positive_fibrosis,Normal-BMI,50,0.4114375222071816,0.22770423160910397,0.6289932676556416,0.1179331920419074,0.8579700787409852,0.43975050203773025,0.2373754236933212,1.9623472332517397e-07,-0.4567073170731707
Random Forest,random_forest,negative_no_fibrosis,Normal-BMI,1190,0.1385777070297309,0.0815445747254257,0.2460392661072217,0.038396129546586985,0.44357962620717045,0.1811898247514776,0.13276014911784867,2.268822110988744e-231,-0.7075463654849695
Random Forest,random_forest,positive_fibrosis,Obese,328,0.65016251577207,0.5118799123105516,0.7404789810577975,0.3380612848817584,0.8594571592612971,0.6214989142100983,0.16374067834362835,1.9623472332517397e-07,-0.4567073170731707
Random Forest,random_forest,negative_no_fibrosis,Obese,1715,0.4468041957372157,0.2761674627215049,0.5921795884698404,0.11666643784010233,0.7583907860256968,0.4379281034664283,0.2004256394886745,2.268822110988744e-231,-0.7075463654849695
XGBoost,xgboost,positive_fibrosis,Normal-BMI,50,0.44214609,0.238350005,0.6679313600000001,0.10419230800000001,0.896133655,0.4599105405,0.2630651066138089,7.418786029911696e-08,-0.4723170731707317
XGBoost,xgboost,negative_no_fibrosis,Normal-BMI,1190,0.12079578,0.0697359465,0.244053945,0.03942996135,0.4780887424999999,0.17652490451512604,0.14488424027228644,9.895039850608376e-225,-0.6972251757845995
XGBoost,xgboost,positive_fibrosis,Obese,328,0.726075535,0.5723551975,0.81585718,0.309999348,0.9014403575,0.6745407223780487,0.1836478401969754,7.418786029911696e-08,-0.4723170731707317
XGBoost,xgboost,negative_no_fibrosis,Obese,1715,0.4698175,0.266785565,0.6525961149999999,0.0980581568,0.8244149799999999,0.4607112794087463,0.2320874164180218,9.895039850608376e-225,-0.6972251757845995
LightGBM,lightgbm,positive_fibrosis,Normal-BMI,50,0.4446825416575765,0.24169716895662693,0.6551948455986886,0.0792806597052647,0.9122752131022254,0.45721577356414733,0.26885967586415405,1.377868552815893e-07,-0.46243902439024387
LightGBM,lightgbm,negative_no_fibrosis,Normal-BMI,1190,0.1313790082951102,0.07149804494964292,0.2701972899268327,0.03695167182608901,0.4898599631818105,0.1852490800679653,0.14991897141704974,4.016485288365021e-220,-0.6899708454810496
LightGBM,lightgbm,positive_fibrosis,Obese,328,0.7004007190365251,0.557742258870989,0.7995541160771175,0.3071534352748044,0.9113773056370459,0.6646620048387273,0.18147478513231546,1.377868552815893e-07,-0.46243902439024387
LightGBM,lightgbm,negative_no_fibrosis,Obese,1715,0.4853884889563169,0.2812798549198387,0.6477146758137923,0.10359735535172088,0.8102910252371291,0.4647894216510454,0.22427134049026942,4.016485288365021e-220,-0.6899708454810496
MLP,mlp,positive_fibrosis,Normal-BMI,50,0.07064927608013055,0.018992462507868475,0.1712399041563896,0.007516002972859075,0.8231847185562344,0.17843617476672669,0.2599221640019286,1.5136858684937923e-08,-0.4968292682926829
MLP,mlp,negative_no_fibrosis,Normal-BMI,1190,0.011752668397057998,0.00319012025222095,0.0285485379386934,0.000516678807108265,0.07988042802461061,0.023735597426641233,0.03972917974140865,1.2280088803995754e-253,-0.741112771639268
MLP,mlp,positive_fibrosis,Obese,328,0.23117347664467744,0.1285220996362377,0.44257748955171033,0.05394955913177515,0.8366727675958865,0.30740312415183885,0.237802553457298,1.5136858684937923e-08,-0.4968292682926829
MLP,mlp,negative_no_fibrosis,Obese,1715,0.0878074374346438,0.038643557611871146,0.17425086928608452,0.00930775483529336,0.4037443543148872,0.1311957518181863,0.1362672017600645,1.2280088803995754e-253,-0.741112771639268
