Artifact,Purpose,Source script or authority,Dataset/partition,Hash or verification,Audit finding,Status
src/run_phase3_bmi_sensitivity_mitigation.py,Mitigation execution and selection,Self,OOF plus test,sha256 438ac27e6b5693e2e7b09d36d864c670c94c77c54f7f50f9e5e7224eb2f8506a,Loads test predictions before selection and filters cohort to two BMI groups,LINEAGE NOT FOUND for claimed full-cohort analysis
results/fairness_bmi_investigation/phase3_candidate_mitigation_results.csv,OOF candidate metrics,run_phase3_bmi_sensitivity_mitigation.py,OOF restricted Normal/Obese,sha256 b0cdbcb94ba522a2f2844663fd6db31a59a714f60d5692d172bf148f4b3a630d,Reproducible restricted output; calibration candidates evaluated on fitting OOF,VERIFIED WITH LIMITATION
results/fairness_bmi_investigation/phase3_mitigation_comparison.csv,OOF selection comparison,run_phase3_bmi_sensitivity_mitigation.py,OOF restricted Normal/Obese,sha256 fc79bb0199f94d428118408472c2c7abb0be14af6aacd915d8a3303903dd8f6d,Gate values are not full-cohort values,INCONSISTENT
results/fairness_bmi_investigation/phase3_locked_test_confirmation.csv,Confirmatory baseline/selected metrics,run_phase3_bmi_sensitivity_mitigation.py,Locked test restricted Normal/Obese,sha256 345c7186a560ca7cd2624b68c4fc8e521f88a3eb39632cbc69b3d572f692ff14,Reproducible but test loaded before selection and excludes 701 participants,INCONSISTENT
results/fairness_bmi_investigation/phase3_tradeoff_analysis.csv,OOF trade-off summary,run_phase3_bmi_sensitivity_mitigation.py,OOF restricted Normal/Obese,sha256 c79f5dcc91d27b565147b9ddbb8ea0b046e54991c68d6fef4edf1ea464a5cfd4,Only selected-candidate OOF changes; no full candidate trade-off matrix,VERIFIED WITH LIMITATION
results/fairness_bmi_investigation/phase3_lineage.json,Input hashes and selected candidates,run_phase3_bmi_sensitivity_mitigation.py,OOF/test prediction files,sha256 12c6bfd8de3368bdf263f73ac318ba827dc09b824d15aa7b6f88c4b848c33174,Hash manifest exists but does not document filtering or access ordering,VERIFIED WITH LIMITATION
data/processed/analysis_dataset_primary.parquet,Primary cohort source,Phase 0 authority,Full primary cohort,Phase 0 lineage audit,Primary cohort is 7153; train/test BMI groups include Underweight and Overweight omitted by Phase 3,VERIFIED
results/predictions/validation_predictions_<model>.csv,OOF predictions,Phase 3 source,Training partition N=5007,Phase 2 lineage hashes,OOF IDs and outcomes are valid,VERIFIED
results/predictions/test_predictions_<model>.csv,Locked predictions,Phase 3 source,Locked test N=2146,Phase 0/1 authority,Predictions are valid but were loaded before selection,VERIFIED WITH LIMITATION
documentation/mitigation/MITIGATION_PROTOCOL_FREEZE.md,Prior conformal mitigation protocol,Phase 7 authority,Separate Phase 7 work,Existing frozen authority,Unmodified and not reclassified,VERIFIED
