Claim,Source artifact,Source script,Dataset,Comparison,Reproducible?,Statistically supported?,Lineage complete?,Limitation,Final status
"Only the threshold changes from 8.2 to 8.0 kPa","phase6_8kpa_cohort_label_audit.csv; source lines 204-215","src/run_phase6_8kpa_robustness.py","CAND_1 N=7,153; valid VCTE N=7,153","8.2: 666 positives; 8.0: 715; 49 labels differ","Yes for saved derivation and live checks","Descriptive label counts supported","Partial; source is not self-hash-listed","No causal interpretation; 8.2 commit link absent","SUPPORTED WITH LIMITATION"
"Cohort, prevalence, and changed-label counts are correct","phase6_8kpa_cohort_label_audit.csv; phase6_8kpa_cohort.csv","src/run_phase6_8kpa_robustness.py","N=7,153","8.2 9.310779% vs 8.0 9.995806%","Yes","Yes for arithmetic","Yes for listed input hashes","Does not establish representativeness","SUPPORTED"
"Ten predictors and five frozen model families are retained","phase6_8kpa_manifest.json; phase6_8kpa_calibration_development.csv","src/run_phase6_8kpa_robustness.py; src/phase3_common.py","Same CAND_1 predictors; five models","Inherited Phase 3 parameters","Yes for source and manifest fields","Not an inferential claim","Partial; no Phase-6 durable model files","Model manifest link for 8.2 is NOT FOUND IN REPOSITORY","SUPPORTED WITH LIMITATION"
"All five models were retrained on proper train only","phase6_8kpa_calibration_development.csv; phase6_8kpa_oof_predictions.csv","src/run_phase6_8kpa_robustness.py","Proper train N=4,005; 393 positives","Five-fold OOF plus final fit per model","Yes for static source logic","Not an inferential claim","Partial; final fitted pipelines are only in memory","Only pickle hashes are retained","SUPPORTED WITH LIMITATION"
"Development partitions are disjoint and correctly sized","phase6_8kpa_manifest.json; live split ID files","src/run_phase6_8kpa_robustness.py","Proper train 4,005; calibration 1,002; test 2,146","Pairwise overlap=0; test hash a9e54315...","Yes","Not an inferential claim","Yes for live hashes/counts","Embedded test hash in test_set_lock.md is stale","SUPPORTED WITH LIMITATION"
"OOF Youden thresholds and Platt parameters precede test access","phase6_8kpa_selection_manifest.json; phase6_8kpa_calibration_development.csv","src/run_phase6_8kpa_robustness.py","Proper train only","Selections frozen before first test-ID read","Yes statically","Not an inferential claim","Partial","Runtime access trace absent","PARTIALLY SUPPORTED"
"Conformal calibration follows the frozen standard split-conformal method","phase6_8kpa_conformal_calibration.csv; phase6_8kpa_manifest.json","src/run_phase6_8kpa_robustness.py","Proper train 4,005; calibration 1,002","Score 1-P(true class), finite-sample corrected 90% quantile","Yes for source and fields","Coverage proportions descriptively supported","No calibration-score artifact","No formal conditional-validity claim","SUPPORTED WITH LIMITATION"
"Locked test set was touched exactly once after selections","phase6_8kpa_manifest.json; test_ids.csv","src/run_phase6_8kpa_robustness.py","Locked test N=2,146","Manifest assertion; test hash matches live file","No independent runtime proof","No inferential claim","Partial","No runtime event log; filesystem times are only circumstantial","PARTIALLY SUPPORTED"
"Canonical test discrimination metrics are coherent","phase6_8kpa_baseline_test_metrics.csv","src/run_phase6_8kpa_robustness.py","Locked test N=2,146; 218 positives","AUROC 0.8075–0.8308; sensitivity 0.7385–0.8486","Yes; hashes and arithmetic verified","Bootstrap AUC/sensitivity intervals support recorded metrics","No paired 8.2-vs-8.0 interval","No equivalence claim","SUPPORTED DESCRIPTIVELY"
"Calibration outputs are present and use OOF Platt parameters","phase6_8kpa_calibration_development.csv; phase6_8kpa_calibration_test_metrics.csv","src/run_phase6_8kpa_robustness.py","Proper train OOF; locked test N=2,146","Raw versus OOF-recalibrated metrics for five models","Yes for saved tables","Descriptive calibration metrics only","No calibration CI or per-participant probabilities","Test-fitted calibration summaries are evaluation metrics, not selection","SUPPORTED DESCRIPTIVELY"
"BMI-Obese operating-point disparity is threshold-sensitive","phase6_8kpa_fairness_metrics.csv; phase6_8kpa_consolidated_comparison.csv","src/run_phase6_8kpa_robustness.py","Obese N=883/150 positives; Normal N=562/27 positives","8.0 disparity 36.7–55.0 pp versus 8.2 comparator","Yes for table arithmetic","Descriptive point differences only","8.2 disparity CIs are absent","No equivalence, causality, or universal fairness claim","SUPPORTED WITH SCOPE"
"Age-60+ operating-point disparity is reported","phase6_8kpa_fairness_metrics.csv; phase6_8kpa_consolidated_comparison.csv","src/run_phase6_8kpa_robustness.py","Age 60+ N=741/106 positives; reference 40-59 N=665/74","8.0 disparity −7.4 to −2.0 pp versus 8.2","Yes for table arithmetic","No formal significance/equivalence test","Bootstrap disparity CIs absent from authoritative comparison","Do not claim significance from point differences","SUPPORTED DESCRIPTIVELY"
"BMI×Age cells are retained with sparse precision tiers","phase6_8kpa_fairness_metrics.csv; phase6_8kpa_bmi_age_results.csv","src/run_phase6_8kpa_robustness.py","60 cells across five models; zero-positive cells retained","Descriptive intersectional sensitivity/specificity","Yes for grid and arithmetic","No stable inference in sparse cells","No conformal BMI×Age table is produced","Ten rows have zero positives and are insufficient evidence","SUPPORTED WITH LIMITATION"
"Overall conformal coverage is near the 90% target","phase6_8kpa_conformal_metrics.csv; phase6_8kpa_conformal_results.csv","src/run_phase6_8kpa_robustness.py","Locked test N=2,146","89.1426–90.6337%; Wilson intervals","Yes; canonical hash and arithmetic verified","Wilson intervals support proportion description","No formal equivalence or exchangeability proof","MLP overall empty-set rate is 1.5377%","SUPPORTED DESCRIPTIVELY"
"BMI-Obese and Age-60+ conformal undercoverage persists","phase6_8kpa_conformal_metrics.csv; phase6_8kpa_consolidated_comparison.csv","src/run_phase6_8kpa_robustness.py","Obese N=883/150; Age 60+ N=741/106","Obese 79.0487–82.2197%; Age 60+ 83.5358–85.0202%","Yes for saved table arithmetic","Wilson/BH fields support descriptive proportions","No conditional-validity proof","Subgroup results are not universal fairness claims","SUPPORTED DESCRIPTIVELY"
"The requested N0=0 and no N0=100 condition is verified","Phase 6 outputs and protocols","NOT FOUND IN REPOSITORY","N0 field/protocol not defined","No N0 column; no overall 100%-coverage row; sparse zero-positive rows exist","No","No","No; N0 definition is NOT FOUND IN REPOSITORY","Do not invent N0=0; distinguish zero-positive cells from empty-set/coverage metrics","NOT INDEPENDENTLY ESTABLISHED"
"Canonical output and figure hashes match the manifest","phase6_8kpa_manifest.json; canonical CSVs and figures","src/run_phase6_8kpa_robustness.py","Phase 6 robustness namespace","Nine CSV hashes and three figure hashes match live files","Yes","Not an inferential claim","Yes for listed files","Aliases and extracts are not hash-listed","SUPPORTED WITH LIMITATION"
"Legacy aliases are not separate executions","phase6_8kpa_*_results.csv aliases; canonical tables","No alias-producing source found","Same Phase 6 namespace","Five byte-identical aliases; age/BMI×Age exact extracts","Yes for equality checks","Not an inferential claim","Partial; aliases were created later and are not script outputs","Do not treat aliases as independent evidence","SUPPORTED WITH LIMITATION"
"The legacy relabel-only 8.0 analysis is distinct","results/sensitivity/alternative_threshold_8p0kPa_results.csv","src/sens_03_alternative_threshold.py","CAND_1 N=7,153; 715 positives","Frozen Phase 3 predictions; retrained=False","Yes for its own source and outputs","Descriptive relabel-only metrics","Not the full retraining pipeline","Preserve and label as legacy/separate","SUPPORTED WITH LIMITATION"
"8.2 protocol commit and model-artifact manifest links are complete","phase6_8kpa_manifest.json","NOT FOUND IN REPOSITORY","Authoritative 8.2 comparator artifacts","Required links are absent","No","No","No","Frozen 8.2 protocol commit — NOT FOUND IN REPOSITORY; model-artifact manifest — NOT FOUND IN REPOSITORY","NOT INDEPENDENTLY ESTABLISHED"
"The full 8.0 conclusion is SOME MAJOR FINDINGS ARE THRESHOLD-SENSITIVE","PHASE6_8KPA_ROBUSTNESS_REPORT.md; phase6_8kpa_consolidated_comparison.csv","src/run_phase6_8kpa_robustness.py","N=7,153; five retrained models","Changes in AUROC, sensitivity/specificity, BMI disparity, and subgroup conformal coverage","Partially; saved-table synthesis is reproducible","Supported descriptively only","Runtime and comparator lineage are incomplete","Retain descriptive wording; no equivalence or deployment claim","SUPPORTED WITH LIMITATION"
"Prior artifacts were preserved","repository paths; git status; Phase 6 separate namespace","src/run_phase6_8kpa_robustness.py","Primary/master, Phase 0-5/7, external, and legacy outputs","No tracked prior file modified","Yes for inspected state","Not applicable","Yes for path separation","Audit itself creates only requested files","SUPPORTED"
