model,candidate,phase,normal_sensitivity,obese_sensitivity,bmi_obese_minus_normal_gap_pp,age60_minus_age40_gap_pp,overall_sensitivity,overall_specificity,classification_decisions_unchanged,change_vs_global_bmi_gap_pp
logistic,global_platt,OOF_EVAL,0.34782608695652173,0.8518518518518519,50.40257648953301,4.285714285714293,0.7391304347826086,0.7602287725472944,True,0.0
logistic,subgroup_platt_bmi_age,OOF_EVAL,0.34782608695652173,0.8518518518518519,50.40257648953301,4.285714285714293,0.7391304347826086,0.7602287725472944,True,0.0
random_forest,global_platt,OOF_EVAL,0.43478260869565216,0.8333333333333334,39.855072463768124,-2.3214285714285743,0.717391304347826,0.7589089309282886,True,0.0
random_forest,subgroup_platt_bmi_age,OOF_EVAL,0.43478260869565216,0.8333333333333334,39.855072463768124,-2.3214285714285743,0.717391304347826,0.7589089309282886,True,0.0
xgboost,global_platt,OOF_EVAL,0.5217391304347826,0.9012345679012346,37.9495437466452,-1.2499999999999956,0.8130434782608695,0.6920369555653322,True,0.0
xgboost,subgroup_platt_bmi_age,OOF_EVAL,0.5217391304347826,0.9012345679012346,37.9495437466452,-1.2499999999999956,0.8130434782608695,0.6920369555653322,True,0.0
lightgbm,global_platt,OOF_EVAL,0.43478260869565216,0.8209876543209876,38.62050456253355,-1.0714285714285676,0.717391304347826,0.7615486141663,True,0.0
lightgbm,subgroup_platt_bmi_age,OOF_EVAL,0.43478260869565216,0.8209876543209876,38.62050456253355,-1.0714285714285676,0.717391304347826,0.7615486141663,True,0.0
mlp,global_platt,OOF_EVAL,0.391304347826087,0.7901234567901234,39.881910896403646,-3.035714285714286,0.6869565217391305,0.7897052353717554,True,0.0
mlp,subgroup_platt_bmi_age,OOF_EVAL,0.391304347826087,0.7901234567901234,39.881910896403646,-3.035714285714286,0.6869565217391305,0.7897052353717554,True,0.0
logistic,global_platt,LOCKED_TEST_CONFIRMATION,0.4090909090909091,0.8857142857142857,47.662337662337656,-8.550855085508557,0.75,0.7620760534429599,True,0.0
random_forest,global_platt,LOCKED_TEST_CONFIRMATION,0.5909090909090909,0.9071428571428571,31.623376623376622,-13.156315631563153,0.79,0.7358684480986639,True,0.0
random_forest,subgroup_platt_bmi_age,LOCKED_TEST_CONFIRMATION,0.5909090909090909,0.9071428571428571,31.623376623376622,-13.156315631563153,0.79,0.7358684480986639,True,0.0
xgboost,global_platt,LOCKED_TEST_CONFIRMATION,0.6363636363636364,0.95,31.36363636363636,-11.236123612361226,0.845,0.6772867420349434,True,0.0
xgboost,subgroup_platt_bmi_age,LOCKED_TEST_CONFIRMATION,0.6363636363636364,0.95,31.36363636363636,-11.236123612361226,0.845,0.6772867420349434,True,0.0
lightgbm,global_platt,LOCKED_TEST_CONFIRMATION,0.6363636363636364,0.9071428571428571,27.07792207792208,-14.146414641464144,0.795,0.7492291880781089,True,0.0
lightgbm,subgroup_platt_bmi_age,LOCKED_TEST_CONFIRMATION,0.6363636363636364,0.9071428571428571,27.07792207792208,-14.146414641464144,0.795,0.7492291880781089,True,0.0
mlp,global_platt,LOCKED_TEST_CONFIRMATION,0.5454545454545454,0.9357142857142857,39.02597402597403,-14.671467146714667,0.815,0.6644398766700925,True,0.0
