model,candidate,phase,fit_n,evaluation_n,fit_positive_n,evaluation_positive_n,target_coverage,coverage,coverage_ci_low,coverage_ci_high,coverage_gap_vs_target_pp,mean_set_size,singleton_rate,doubleton_rate,empty_set_rate,threshold,map_applied_to_fit,map_applied_to_eval,fit_source_counts,eval_source_counts,map_status
logistic,global_platt,CONFORMAL_DEV_SPLIT,501,501,40,53,0.9,0.8862275449101796,0.8554343207153644,0.9111429744696015,-1.377245508982039,0.9600798403193613,0.9600798403193613,0.0,0.03992015968063872,0.30945951763354707,True,True,"{""global_platt"": 501}","{""global_platt"": 501}",GLOBAL_PLATT_FIT_APPLIED
logistic,subgroup_platt_bmi_age,CONFORMAL_DEV_SPLIT,501,501,40,53,0.9,0.8882235528942116,0.8576254701463717,0.9129134648069919,-1.1776447105788401,0.9620758483033932,0.9620758483033932,0.0,0.03792415169660679,0.3240106169767143,True,True,"{""age:40-59"": 104, ""age:60+"": 102, ""bmi:Obese"": 198, ""global_fallback"": 97}","{""age:40-59"": 86, ""age:60+"": 99, ""bmi:Obese"": 209, ""global_fallback"": 107}",SUBGROUP_PLATT_WITH_EXPLICIT_FALLBACK
random_forest,global_platt,CONFORMAL_DEV_SPLIT,501,501,40,53,0.9,0.8862275449101796,0.8554343207153644,0.9111429744696015,-1.377245508982039,0.9720558882235529,0.9720558882235529,0.0,0.027944111776447105,0.3348335236816965,True,True,"{""global_platt"": 501}","{""global_platt"": 501}",GLOBAL_PLATT_FIT_APPLIED
random_forest,subgroup_platt_bmi_age,CONFORMAL_DEV_SPLIT,501,501,40,53,0.9,0.8862275449101796,0.8554343207153644,0.9111429744696015,-1.377245508982039,0.9720558882235529,0.9720558882235529,0.0,0.027944111776447105,0.3215110106690374,True,True,"{""age:40-59"": 104, ""age:60+"": 102, ""bmi:Obese"": 198, ""global_fallback"": 97}","{""age:40-59"": 86, ""age:60+"": 99, ""bmi:Obese"": 209, ""global_fallback"": 107}",SUBGROUP_PLATT_WITH_EXPLICIT_FALLBACK
xgboost,global_platt,CONFORMAL_DEV_SPLIT,501,501,40,53,0.9,0.8782435129740519,0.846695635278924,0.9040351008324509,-2.1756487025948124,0.9600798403193613,0.9600798403193613,0.0,0.03992015968063872,0.32890228913828057,True,True,"{""global_platt"": 501}","{""global_platt"": 501}",GLOBAL_PLATT_FIT_APPLIED
xgboost,subgroup_platt_bmi_age,CONFORMAL_DEV_SPLIT,501,501,40,53,0.9,0.8802395209580839,0.8488765318261734,0.9058158440535992,-1.9760479041916135,0.9600798403193613,0.9600798403193613,0.0,0.03992015968063872,0.32663145089332346,True,True,"{""age:40-59"": 104, ""age:60+"": 102, ""bmi:Obese"": 198, ""global_fallback"": 97}","{""age:40-59"": 86, ""age:60+"": 99, ""bmi:Obese"": 209, ""global_fallback"": 107}",SUBGROUP_PLATT_WITH_EXPLICIT_FALLBACK
lightgbm,global_platt,CONFORMAL_DEV_SPLIT,501,501,40,53,0.9,0.8782435129740519,0.846695635278924,0.9040351008324509,-2.1756487025948124,0.9520958083832335,0.9520958083832335,0.0,0.04790419161676647,0.32538399953170793,True,True,"{""global_platt"": 501}","{""global_platt"": 501}",GLOBAL_PLATT_FIT_APPLIED
lightgbm,subgroup_platt_bmi_age,CONFORMAL_DEV_SPLIT,501,501,40,53,0.9,0.8842315369261478,0.853245819701439,0.9093698357151292,-1.5768463073852268,0.9640718562874252,0.9640718562874252,0.0,0.03592814371257485,0.34249014228485564,True,True,"{""age:40-59"": 104, ""age:60+"": 102, ""bmi:Obese"": 198, ""global_fallback"": 97}","{""age:40-59"": 86, ""age:60+"": 99, ""bmi:Obese"": 209, ""global_fallback"": 107}",SUBGROUP_PLATT_WITH_EXPLICIT_FALLBACK
mlp,global_platt,CONFORMAL_DEV_SPLIT,501,501,40,53,0.9,0.8902195608782435,0.8598193289153814,0.9146812458063799,-0.9780439121756523,0.9680638722554891,0.9680638722554891,0.0,0.031936127744510975,0.34052038070983426,True,True,"{""global_platt"": 501}","{""global_platt"": 501}",GLOBAL_PLATT_FIT_APPLIED
mlp,subgroup_platt_bmi_age,CONFORMAL_DEV_SPLIT,501,501,40,53,0.9,0.8902195608782435,0.8598193289153814,0.9146812458063799,-0.9780439121756523,0.9680638722554891,0.9680638722554891,0.0,0.031936127744510975,0.3406236420353119,True,True,"{""age:40-59"": 104, ""age:60+"": 102, ""bmi:Obese"": 198, ""global_fallback"": 97}","{""age:40-59"": 86, ""age:60+"": 99, ""bmi:Obese"": 209, ""global_fallback"": 107}",SUBGROUP_PLATT_WITH_EXPLICIT_FALLBACK
